,0,1
0,,aa
1,aa,aah
2,aah,aahh
3,aahh,aand
4,aand,aargh
5,aargh,aaron
6,aaron,aaw
7,aaw,aaww
8,aaww,ab
9,ab,abandon
10,abandon,abbi
11,abbi,abc
12,abc,abil
13,abil,abit
14,abit,abl
15,abl,absolut
16,absolut,absolutli
17,absolutli,abu
18,abu,abund
19,abund,ac
20,ac,academi
21,academi,accent
22,accent,accept
23,accept,access
24,access,accid
25,accid,accomplish
26,accomplish,accord
27,accord,account
28,account,ace
29,ace,ach
30,ach,achiev
31,achiev,ack
32,ack,acoust
33,acoust,across
34,across,act
35,act,action
36,action,activ
37,activ,actor
38,actor,actress
39,actress,actual
40,actual,ad
41,ad,adam
42,adam,adapt
43,adapt,add
44,add,addict
45,addict,addit
46,addit,address
47,address,adjust
48,adjust,admin
49,admin,admir
50,admir,admit
51,admit,adob
52,adob,adopt
53,adopt,ador
54,ador,adrian
55,adrian,adult
56,adult,advanc
57,advanc,advantag
58,advantag,adventur
59,adventur,advert
60,advert,adverti
61,adverti,advi
62,advi,advic
63,advic,affect
64,affect,afford
65,afford,afraid
66,afraid,africa
67,africa,afternoon
68,afternoon,afterward
69,afterward,age
70,age,agenc
71,agenc,agenda
72,agenda,agent
73,agent,aghh
74,aghh,ago
75,ago,agr
76,agr,ah
77,ah,aha
78,aha,ahah
79,ahah,ahaha
80,ahaha,ahahah
81,ahahah,ahead
82,ahead,ahem
83,ahem,ahh
84,ahh,ai
85,ai,aid
86,aid,aight
87,aight,aim
88,aim,air
89,air,airport
90,airport,aka
91,aka,al
92,al,ala
93,ala,alan
94,alan,alarm
95,alarm,album
96,album,alcohol
97,alcohol,alert
98,alert,alex
99,alex,alic
100,alic,alien
101,alien,aliv
102,aliv,allen
103,allen,allerg
104,allerg,allergi
105,allergi,alli
106,alli,allot
107,allot,allow
108,allow,almost
109,almost,alon
110,alon,along
111,along,alot
112,alot,aloud
113,aloud,alpha
114,alpha,alreadi
115,alreadi,alright
116,alright,also
117,also,alter
118,alter,altern
119,altern,although
120,although,alton
121,alton,alway
122,alway,alyssa
123,alyssa,amanda
124,amanda,amaz
125,amaz,amazin
126,amazin,amazingg
127,amazingg,amazingli
128,amazingli,amazon
129,amazon,amber
130,amber,ambul
131,ambul,amen
132,amen,america
133,america,american
134,american,ami
135,ami,among
136,among,amount
137,amount,amp
138,amp,ampamp
139,ampamp,ampm
140,ampm,amsterdam
141,amsterdam,amu
142,amu,anatomi
143,anatomi,anderson
144,anderson,andi
145,andi,andrea
146,andrea,andrew
147,andrew,ang
148,ang,angel
149,angel,angela
150,angela,angl
151,angl,angri
152,angri,anim
153,anim,ankl
154,ankl,ann
155,ann,anna
156,anna,annd
157,annd,anniversari
158,anniversari,announc
159,announc,annoy
160,annoy,annual
161,annual,anoth
162,anoth,answer
163,answer,ant
164,ant,anthem
165,anthem,anthoni
166,anthoni,anti
167,anti,antibiot
168,antibiot,anticip
169,anticip,antonio
170,antonio,anxieti
171,anxieti,anxiou
172,anxiou,anybodi
173,anybodi,anymor
174,anymor,anyon
175,anyon,anyth
176,anyth,anytim
177,anytim,anyway
178,anyway,anywh
179,anywh,anywho
180,anywho,ap
181,ap,apart
182,apart,api
183,api,apolog
184,apolog,app
185,app,appar
186,appar,appeal
187,appeal,appear
188,appear,appl
189,appl,appli
190,appli,applic
191,applic,appoint
192,appoint,appreci
193,appreci,apprent
194,apprent,approach
195,approach,appropri
196,appropri,approv
197,approv,appt
198,appt,april
199,april,apt
200,apt,ar
201,ar,arcad
202,arcad,area
203,area,argentina
204,argentina,argh
205,argh,arghh
206,arghh,argument
207,argument,ari
208,ari,arizona
209,arizona,arm
210,arm,armi
211,armi,armin
212,armin,around
213,around,arrang
214,arrang,arriv
215,arriv,arsen
216,arsen,art
217,art,articl
218,articl,artist
219,artist,arvo
220,arvo,ash
221,ash,asham
222,asham,ashley
223,ashley,ashton
224,ashton,asia
225,asia,asian
226,asian,asid
227,asid,ask
228,ask,asleep
229,asleep,asot
230,asot,ass
231,ass,assess
232,assess,asshol
233,asshol,assign
234,assign,assist
235,assist,associ
236,associ,assum
237,assum,asthma
238,asthma,astro
239,astro,aswel
240,aswel,atamp
241,atamp,ate
242,ate,athen
243,athen,atl
244,atl,atlanta
245,atlanta,atleast
246,atleast,atm
247,atm,attach
248,attach,attack
249,attack,attempt
250,attempt,attend
251,attend,attent
252,attent,attitud
253,attitud,attract
254,attract,au
255,au,auction
256,auction,audienc
257,audienc,audio
258,audio,audit
259,audit,august
260,august,aunt
261,aunt,aunti
262,aunti,aussi
263,aussi,austin
264,austin,australia
265,australia,australian
266,australian,author
267,author,auto
268,auto,autograph
269,autograph,autom
270,autom,automat
271,automat,autumn
272,autumn,ava
273,ava,avail
274,avail,avatar
275,avatar,ave
276,ave,averag
277,averag,avoid
278,avoid,aw
279,aw,await
280,await,awak
281,awak,awar
282,awar,award
283,award,away
284,away,awe
285,awe,awesom
286,awesom,awh
287,awh,awhil
288,awhil,awkward
289,awkward,awsom
290,awsom,aww
291,aww,awwh
292,awwh,ay
293,ay,aye
294,aye,az
295,az,b
296,b,ba
297,ba,baack
298,baack,baad
299,baad,babe
300,babe,babi
301,babi,babysit
302,babysit,babyy
303,babyy,bac
304,bac,back
305,back,background
306,background,backup
307,backup,backward
308,backward,backyard
309,backyard,bacon
310,bacon,bad
311,bad,badass
312,badass,badli
313,badli,bag
314,bag,bagel
315,bagel,bah
316,bah,bail
317,bail,bailey
318,bailey,bak
319,bak,bake
320,bake,balanc
321,balanc,balconi
322,balconi,bali
323,bali,ball
324,ball,ballard
325,ballard,bam
326,bam,ban
327,ban,banana
328,banana,band
329,band,bandwidth
330,bandwidth,bang
331,bang,bank
332,bank,banner
333,banner,bar
334,bar,barbecu
335,barbecu,barcelona
336,barcelona,bare
337,bare,barf
338,barf,bark
339,bark,barn
340,barn,barrel
341,barrel,bartend
342,bartend,base
343,base,baseb
344,baseb,basement
345,basement,bash
346,bash,basic
347,basic,basket
348,basket,basketb
349,basketb,bass
350,bass,bastard
351,bastard,bat
352,bat,batch
353,batch,bath
354,bath,bathroom
355,bathroom,batman
356,batman,batter
357,batter,batteri
358,batteri,battl
359,battl,bay
360,bay,baysid
361,baysid,bb
362,bb,bball
363,bball,bbc
364,bbc,bbi
365,bbi,bbq
366,bbq,bck
367,bck,bcuz
368,bcuz,beach
369,beach,bead
370,bead,bean
371,bean,bear
372,bear,beard
373,beard,beast
374,beast,beat
375,beat,beaten
376,beaten,beatl
377,beatl,beauti
378,beauti,bebe
379,bebe,bebo
380,bebo,becam
381,becam,becca
382,becca,becki
383,becki,becom
384,becom,bed
385,bed,bedd
386,bedd,bedroom
387,bedroom,bedtim
388,bedtim,bee
389,bee,beef
390,beef,beer
391,beer,beg
392,beg,begin
393,begin,begun
394,begun,behav
395,behav,behind
396,behind,bein
397,bein,belfast
398,belfast,belgium
399,belgium,believ
400,believ,beliv
401,beliv,bell
402,bell,bella
403,bella,belli
404,belli,belong
405,belong,belov
406,belov,belt
407,belt,ben
408,ben,benefit
409,benefit,bent
410,bent,berlin
411,berlin,berri
412,berri,besid
413,besid,best
414,best,bestest
415,bestest,bestfriend
416,bestfriend,besti
417,besti,bet
418,bet,beta
419,beta,betfair
420,betfair,better
421,better,bewar
422,bewar,beyonc
423,beyonc,beyond
424,beyond,bf
425,bf,bff
426,bff,bg
427,bg,bia
428,bia,bibl
429,bibl,bicycl
430,bicycl,big
431,big,bigger
432,bigger,biggest
433,biggest,bike
434,bike,bikini
435,bikini,bill
436,bill,billi
437,billi,billion
438,billion,bin
439,bin,bio
440,bio,biolog
441,biolog,bird
442,bird,birmingham
443,birmingham,birth
444,birth,birthday
445,birthday,biscuit
446,biscuit,bit
447,bit,bitch
448,bitch,bite
449,bite,bitli
450,bitli,bitter
451,bitter,biz
452,biz,bizarr
453,bizarr,bj
454,bj,bk
455,bk,black
456,black,blackberri
457,blackberri,blah
458,blah,blahh
459,blahh,blair
460,blair,blake
461,blake,blame
462,blame,blank
463,blank,blanket
464,blanket,blast
465,blast,blazer
466,blazer,bleach
467,bleach,bleed
468,bleed,bleh
469,bleh,blend
470,blend,bless
471,bless,blew
472,blew,blind
473,blind,blink
474,blink,blip
475,blip,blipfm
476,blipfm,bliss
477,bliss,blister
478,blister,blizzard
479,blizzard,bloat
480,bloat,block
481,block,blog
482,blog,blogger
483,blogger,blogtv
484,blogtv,blond
485,blond,blood
486,blood,bloodi
487,bloodi,bloom
488,bloom,blossom
489,blossom,blow
490,blow,blue
491,blue,blueberri
492,blueberri,blush
493,blush,bmw
494,bmw,bo
495,bo,board
496,board,boat
497,boat,bob
498,bob,bobbi
499,bobbi,bodi
500,bodi,boil
501,boil,bold
502,bold,bom
503,bom,bomb
504,bomb,bon
505,bon,bond
506,bond,bone
507,bone,bonfir
508,bonfir,bonjour
509,bonjour,bonu
510,bonu,boo
511,boo,boob
512,boob,boohoo
513,boohoo,book
514,book,boom
515,boom,boor
516,boor,boot
517,boot,booth
518,booth,booz
519,booz,bora
520,bora,border
521,border,bore
522,bore,boredd
523,boredd,boredom
524,boredom,born
525,born,borrow
526,borrow,boss
527,boss,boston
528,boston,bot
529,bot,bother
530,bother,bottl
531,bottl,bottom
532,bottom,bought
533,bought,bounc
534,bounc,bound
535,bound,bout
536,bout,bow
537,bow,bowl
538,bowl,box
539,box,boy
540,boy,boyfriend
541,boyfriend,boyl
542,boyl,bra
543,bra,brace
544,brace,bracket
545,bracket,brad
546,brad,bradi
547,bradi,brain
548,brain,brake
549,brake,branch
550,branch,brand
551,brand,brandi
552,brandi,brandon
553,brandon,brave
554,brave,brazil
555,brazil,brb
556,brb,bread
557,bread,break
558,break,breakfast
559,breakfast,breath
560,breath,brew
561,brew,brian
562,brian,brick
563,brick,bridal
564,bridal,bride
565,bride,bridg
566,bridg,bright
567,bright,brighten
568,brighten,brighton
569,brighton,brill
570,brill,brilliant
571,brilliant,bring
572,bring,brisban
573,brisban,brit
574,brit,britain
575,britain,british
576,british,britney
577,britney,bro
578,bro,broadband
579,broadband,broadcast
580,broadcast,broke
581,broke,broken
582,broken,brooklyn
583,brooklyn,brother
584,brother,brought
585,brought,brow
586,brow,brown
587,brown,browni
588,browni,browser
589,browser,brr
590,brr,brui
591,brui,bruin
592,bruin,brunch
593,brunch,brush
594,brush,brutal
595,brutal,bs
596,bs,bt
597,bt,bu
598,bu,bubbl
599,bubbl,buck
600,buck,bucket
601,bucket,bud
602,bud,buddi
603,buddi,budget
604,budget,bueno
605,bueno,buffalo
606,buffalo,buffet
607,buffet,bug
608,bug,bugger
609,bugger,buggi
610,buggi,build
611,build,built
612,built,bull
613,bull,bullet
614,bullet,bulli
615,bulli,bullshit
616,bullshit,bum
617,bum,bummer
618,bummer,bump
619,bump,bun
620,bun,bunch
621,bunch,bundl
622,bundl,bung
623,bung,bunni
624,bunni,burger
625,burger,buri
626,buri,burn
627,burn,burnt
628,burnt,burrito
629,burrito,burst
630,burst,bush
631,bush,busi
632,busi,bust
633,bust,butt
634,butt,butter
635,butter,butterfli
636,butterfli,button
637,button,buy
638,buy,buzz
639,buzz,bye
640,bye,byee
641,byee,c
642,c,ca
643,ca,cab
644,cab,cabl
645,cabl,cafe
646,cafe,caffein
647,caffein,cage
648,cage,cake
649,cake,cal
650,cal,calcul
651,calcul,cali
652,cali,california
653,california,call
654,call,callin
655,callin,calm
656,calm,calori
657,calori,cam
658,cam,came
659,came,camera
660,camera,camp
661,camp,campaign
662,campaign,camper
663,camper,campu
664,campu,canada
665,canada,canadian
666,canadian,canal
667,canal,cancel
668,cancel,cancer
669,cancer,candi
670,candi,candl
671,candl,cannot
672,cannot,canon
673,canon,cantu
674,cantu,canuck
675,canuck,cap
676,cap,capac
677,capac,cape
678,cape,captain
679,captain,car
680,car,caramel
681,caramel,card
682,card,cardiff
683,cardiff,care
684,care,career
685,career,carniv
686,carniv,carolina
687,carolina,carpet
688,carpet,carri
689,carri,carrot
690,carrot,cartoon
691,cartoon,case
692,case,casey
693,casey,cash
694,cash,cashback
695,cashback,casino
696,casino,cast
697,cast,castl
698,castl,cat
699,cat,catch
700,catch,catchi
701,catchi,cau
702,cau,caught
703,caught,cav
704,cav,cave
705,cave,cba
706,cba,cc
707,cc,cd
708,cd,ce
709,ce,celeb
710,celeb,celebr
711,celebr,cell
712,cell,cellphon
713,cellphon,celtic
714,celtic,cent
715,cent,center
716,center,centr
717,centr,central
718,central,centuri
719,centuri,cept
720,cept,cereal
721,cereal,certain
722,certain,certainli
723,certainli,ch
724,ch,cha
725,cha,chain
726,chain,chair
727,chair,challeng
728,challeng,champ
729,champ,champagn
730,champagn,champion
731,champion,championship
732,championship,chanc
733,chanc,chanel
734,chanel,chang
735,chang,channel
736,channel,chao
737,chao,chapel
738,chapel,chapter
739,chapter,charact
740,charact,charg
741,charg,charger
742,charger,chariti
743,chariti,charl
744,charl,charli
745,charli,charm
746,charm,chase
747,chase,chat
748,chat,cheap
749,cheap,cheaper
750,cheaper,cheat
751,cheat,check
752,check,checkup
753,checkup,chee
754,chee,cheek
755,cheek,cheeki
756,cheeki,cheer
757,cheer,cheesecak
758,cheesecak,cheesi
759,cheesi,chef
760,chef,chelsea
761,chelsea,chem
762,chem,chemistri
763,chemistri,chennai
764,chennai,cherri
765,cherri,chest
766,chest,chew
767,chew,chi
768,chi,chicago
769,chicago,chick
770,chick,chicken
771,chicken,child
772,child,childhood
773,childhood,children
774,children,chile
775,chile,chili
776,chili,chill
777,chill,chillen
778,chillen,chilli
779,chilli,chillin
780,chillin,chin
781,chin,china
782,china,chine
783,chine,chip
784,chip,chloe
785,chloe,choc
786,choc,chocol
787,chocol,choic
788,choic,choir
789,choir,choke
790,choke,choo
791,choo,chop
792,chop,chore
793,chore,chose
794,chose,chri
795,chri,christian
796,christian,christma
797,christma,christoph
798,christoph,chuck
799,chuck,church
800,church,ciao
801,ciao,cider
802,cider,cig
803,cig,cigarett
804,cigarett,cincinnati
805,cincinnati,cinderella
806,cinderella,cinema
807,cinema,cinnamon
808,cinnamon,circl
809,circl,circu
810,circu,citi
811,citi,citizen
812,citizen,civil
813,civil,claim
814,claim,clark
815,clark,class
816,class,classic
817,classic,claudia
818,claudia,clean
819,clean,clear
820,clear,clearli
821,clearli,cleveland
822,cleveland,clever
823,clever,click
824,click,client
825,client,cliff
826,cliff,climb
827,climb,clinic
828,clinic,clip
829,clip,clock
830,clock,close
831,close,closer
832,closer,closest
833,closest,closet
834,closet,cloth
835,cloth,cloud
836,cloud,cloudi
837,cloudi,clown
838,clown,club
839,club,clue
840,clue,cm
841,cm,cnn
842,cnn,cnt
843,cnt,co
844,co,coach
845,coach,coachella
846,coachella,coast
847,coast,coat
848,coat,cobra
849,cobra,cock
850,cock,coco
851,coco,cocoa
852,cocoa,cod
853,cod,code
854,code,codi
855,codi,coff
856,coff,cohen
857,cohen,coincid
858,coincid,coke
859,coke,cola
860,cola,colbert
861,colbert,cold
862,cold,colder
863,colder,coldplay
864,coldplay,colin
865,colin,colleagu
866,colleagu,collect
867,collect,colleg
868,colleg,color
869,color,colorado
870,colorado,colour
871,colour,columbu
872,columbu,column
873,column,com
874,com,combin
875,combin,combo
876,combo,come
877,come,comedi
878,comedi,comfi
879,comfi,comfort
880,comfort,comic
881,comic,comin
882,comin,comment
883,comment,commentari
884,commentari,commerc
885,commerc,commerci
886,commerci,commit
887,commit,common
888,common,commun
889,commun,commut
890,commut,comp
891,comp,compani
892,compani,companion
893,companion,compar
894,compar,comparison
895,comparison,compet
896,compet,competit
897,competit,complain
898,complain,complaint
899,complaint,complet
900,complet,complex
901,complex,complic
902,complic,compliment
903,compliment,compo
904,compo,comput
905,comput,con
906,con,concentr
907,concentr,concept
908,concept,concern
909,concern,concert
910,concert,conchord
911,conchord,condit
912,condit,condo
913,condo,condol
914,condol,cone
915,cone,confer
916,confer,confess
917,confess,confid
918,confid,confirm
919,confirm,conflict
920,conflict,confu
921,confu,congrat
922,congrat,congratul
923,congratul,connect
924,connect,connor
925,connor,conquer
926,conquer,consid
927,consid,consist
928,consist,consol
929,consol,constant
930,constant,constantli
931,constantli,construct
932,construct,consult
933,consult,consum
934,consum,cont
935,cont,contact
936,contact,contain
937,contain,contempl
938,contempl,content
939,content,contest
940,contest,continu
941,continu,contract
942,contract,control
943,control,convent
944,convent,conver
945,conver,convert
946,convert,convinc
947,convinc,cook
948,cook,cooki
949,cooki,cool
950,cool,cooler
951,cooler,coolest
952,coolest,coop
953,coop,cooper
954,cooper,coordin
955,coordin,cop
956,cop,cope
957,cope,copi
958,copi,copyright
959,copyright,core
960,core,corn
961,corn,corner
962,corner,cornwal
963,cornwal,corp
964,corp,correct
965,correct,corrupt
966,corrupt,cosplay
967,cosplay,cost
968,cost,costco
969,costco,costum
970,costum,cottag
971,cottag,cotton
972,cotton,couch
973,couch,cough
974,cough,could
975,could,council
976,council,count
977,count,countdown
978,countdown,counter
979,counter,counti
980,counti,countri
981,countri,coupl
982,coupl,cour
983,cour,courag
984,courag,coursework
985,coursework,court
986,court,cousin
987,cousin,cover
988,cover,coverag
989,coverag,cow
990,cow,cowork
991,cowork,coz
992,coz,cozi
993,cozi,crab
994,crab,crack
995,crack,cracker
996,cracker,crackin
997,crackin,craft
998,craft,craig
999,craig,cram
1000,cram,cramp
1001,cramp,crank
1002,crank,cranki
1003,cranki,crap
1004,crap,crappi
1005,crappi,crash
1006,crash,crave
1007,crave,crawfish
1008,crawfish,crawl
1009,crawl,crazi
1010,crazi,cream
1011,cream,creat
1012,creat,creation
1013,creation,creativ
1014,creativ,creatur
1015,creatur,credit
1016,credit,creek
1017,creek,creep
1018,creep,creepi
1019,creepi,crepe
1020,crepe,crew
1021,crew,cri
1022,cri,crib
1023,crib,cricket
1024,cricket,crime
1025,crime,crisi
1026,crisi,crisp
1027,crisp,crispi
1028,crispi,critic
1029,critic,cross
1030,cross,crowd
1031,crowd,cruel
1032,cruel,crui
1033,crui,crunch
1034,crunch,crush
1035,crush,crystal
1036,crystal,cs
1037,cs,csi
1038,csi,css
1039,css,cu
1040,cu,cub
1041,cub,cube
1042,cube,cud
1043,cud,cuddl
1044,cuddl,cultur
1045,cultur,cum
1046,cum,cup
1047,cup,cupboard
1048,cupboard,cupcak
1049,cupcak,cuppa
1050,cuppa,cur
1051,cur,cure
1052,cure,curiou
1053,curiou,curl
1054,curl,current
1055,current,curri
1056,curri,curtain
1057,curtain,curv
1058,curv,custom
1059,custom,cut
1060,cut,cute
1061,cute,cuter
1062,cuter,cutest
1063,cutest,cuti
1064,cuti,cuz
1065,cuz,cycl
1066,cycl,cyru
1067,cyru,da
1068,da,dad
1069,dad,daddi
1070,daddi,daili
1071,daili,dairi
1072,dairi,daisi
1073,daisi,dakota
1074,dakota,dale
1075,dale,dalla
1076,dalla,dam
1077,dam,damag
1078,damag,damm
1079,damm,dammit
1080,dammit,damn
1081,damn,damnit
1082,damnit,dan
1083,dan,danc
1084,danc,dancer
1085,dancer,dane
1086,dane,dang
1087,dang,danger
1088,danger,dangit
1089,dangit,daniel
1090,daniel,danni
1091,danni,dare
1092,dare,dark
1093,dark,darl
1094,darl,darlin
1095,darlin,darn
1096,darn,dat
1097,dat,data
1098,data,databa
1099,databa,date
1100,date,daughter
1101,daughter,dave
1102,dave,davi
1103,davi,david
1104,david,dawn
1105,dawn,day
1106,day,dayi
1107,dayi,daylight
1108,daylight,db
1109,db,dc
1110,dc,dd
1111,dd,de
1112,de,dead
1113,dead,deadlin
1114,deadlin,deal
1115,deal,dean
1116,dean,dear
1117,dear,death
1118,death,deb
1119,deb,debat
1120,debat,debbi
1121,debbi,decad
1122,decad,decemb
1123,decemb,decent
1124,decent,deci
1125,deci,decid
1126,decid,deck
1127,deck,decor
1128,decor,dedic
1129,dedic,dee
1130,dee,deep
1131,deep,deepli
1132,deepli,deer
1133,deer,def
1134,def,default
1135,default,defeat
1136,defeat,defen
1137,defen,deff
1138,deff,defin
1139,defin,definit
1140,definit,degr
1141,degr,dehydr
1142,dehydr,del
1143,del,delay
1144,delay,delet
1145,delet,delici
1146,delici,delight
1147,delight,delish
1148,delish,deliv
1149,deliv,deliveri
1150,deliveri,demand
1151,demand,demi
1152,demi,demo
1153,demo,demon
1154,demon,den
1155,den,deni
1156,deni,denmark
1157,denmark,denni
1158,denni,dent
1159,dent,dentist
1160,dentist,denver
1161,denver,depart
1162,depart,depend
1163,depend,depress
1164,depress,depriv
1165,depriv,der
1166,der,derbi
1167,derbi,derek
1168,derek,describ
1169,describ,descript
1170,descript,desert
1171,desert,deserv
1172,deserv,design
1173,design,desir
1174,desir,desk
1175,desk,desktop
1176,desktop,desper
1177,desper,despit
1178,despit,destin
1179,destin,destini
1180,destini,destroy
1181,destroy,detail
1182,detail,determin
1183,determin,detroit
1184,detroit,dev
1185,dev,devast
1186,devast,develop
1187,develop,devic
1188,devic,devil
1189,devil,dh
1190,dh,di
1191,di,dia
1192,dia,dial
1193,dial,diana
1194,diana,diari
1195,diari,dick
1196,dick,diddi
1197,diddi,die
1198,die,diego
1199,diego,diet
1200,diet,differ
1201,differ,difficult
1202,difficult,difficulti
1203,difficulti,dig
1204,dig,digest
1205,digest,digg
1206,digg,digit
1207,digit,din
1208,din,dine
1209,dine,diner
1210,diner,dinner
1211,dinner,dinosaur
1212,dinosaur,dip
1213,dip,direct
1214,direct,directli
1215,directli,director
1216,director,dirt
1217,dirt,dirti
1218,dirti,disabl
1219,disabl,disagr
1220,disagr,disappear
1221,disappear,disappoint
1222,disappoint,disast
1223,disast,disc
1224,disc,disco
1225,disco,disconnect
1226,disconnect,discount
1227,discount,discov
1228,discov,discuss
1229,discuss,disea
1230,disea,disgust
1231,disgust,dish
1232,dish,disk
1233,disk,dislik
1234,dislik,disney
1235,disney,disneyland
1236,disneyland,display
1237,display,dissapoint
1238,dissapoint,dissert
1239,dissert,distanc
1240,distanc,distract
1241,distract,district
1242,district,disturb
1243,disturb,ditch
1244,ditch,ditto
1245,ditto,diva
1246,diva,dive
1247,dive,divin
1248,divin,dizzi
1249,dizzi,dj
1250,dj,dm
1251,dm,dnt
1252,dnt,doc
1253,doc,dock
1254,dock,doctor
1255,doctor,document
1256,document,dog
1257,dog,doggi
1258,doggi,doh
1259,doh,doin
1260,doin,doll
1261,doll,dollar
1262,dollar,dollhou
1263,dollhou,domain
1264,domain,domest
1265,domest,domin
1266,domin,donat
1267,donat,done
1268,done,dong
1269,dong,donkey
1270,donkey,donni
1271,donni,donut
1272,donut,doo
1273,doo,doom
1274,doom,door
1275,door,dope
1276,dope,dork
1277,dork,dorm
1278,dorm,dose
1279,dose,dosent
1280,dosent,dot
1281,dot,doubl
1282,doubl,doubt
1283,doubt,douch
1284,douch,doughnut
1285,doughnut,dougi
1286,dougi,download
1287,download,downstair
1288,downstair,downtown
1289,downtown,doze
1290,doze,dozen
1291,dozen,dr
1292,dr,draft
1293,draft,drag
1294,drag,dragon
1295,dragon,drain
1296,drain,drama
1297,drama,dramat
1298,dramat,drank
1299,drank,draw
1300,draw,dread
1301,dread,dream
1302,dream,dreamt
1303,dreamt,dreari
1304,dreari,dress
1305,dress,drew
1306,drew,dri
1307,dri,drill
1308,drill,drink
1309,drink,drinkin
1310,drinkin,drive
1311,drive,driven
1312,driven,driver
1313,driver,drivin
1314,drivin,drool
1315,drool,drop
1316,drop,drove
1317,drove,drown
1318,drown,drug
1319,drug,drum
1320,drum,drummer
1321,drummer,drunk
1322,drunk,drunken
1323,drunken,dryer
1324,dryer,ds
1325,ds,dsi
1326,dsi,du
1327,du,dub
1328,dub,dubai
1329,dubai,dublin
1330,dublin,duck
1331,duck,dude
1332,dude,due
1333,due,duh
1334,duh,duke
1335,duke,dull
1336,dull,dum
1337,dum,dumb
1338,dumb,dump
1339,dump,dun
1340,dun,dunk
1341,dunk,dunkin
1342,dunkin,dust
1343,dust,dutch
1344,dutch,duti
1345,duti,dvd
1346,dvd,dvr
1347,dvr,dy
1348,dy,dye
1349,dye,e
1350,e,ea
1351,ea,eachoth
1352,eachoth,eagl
1353,eagl,ear
1354,ear,earli
1355,earli,earlier
1356,earlier,earn
1357,earn,earth
1358,earth,earthquak
1359,earthquak,easi
1360,easi,easier
1361,easier,easili
1362,easili,east
1363,east,easter
1364,easter,eastern
1365,eastern,eat
1366,eat,eaten
1367,eaten,eatin
1368,eatin,ebay
1369,ebay,eclip
1370,eclip,econom
1371,econom,ed
1372,ed,eddi
1373,eddi,eden
1374,eden,edg
1375,edg,edinburgh
1376,edinburgh,edit
1377,edit,editor
1378,editor,educ
1379,educ,edward
1380,edward,ee
1381,ee,eeek
1382,eeek,eek
1383,eek,ef
1384,ef,eff
1385,eff,effect
1386,effect,effin
1387,effin,effort
1388,effort,efron
1389,efron,egg
1390,egg,ego
1391,ego,egypt
1392,egypt,eh
1393,eh,ehh
1394,ehh,eight
1395,eight,either
1396,either,el
1397,el,elbow
1398,elbow,elect
1399,elect,electr
1400,electr,electro
1401,electro,eleph
1402,eleph,elev
1403,elev,eli
1404,eli,ellen
1405,ellen,elsewh
1406,elsewh,elvi
1407,elvi,email
1408,email,emb
1409,emb,embarass
1410,embarass,embark
1411,embark,embarrass
1412,embarrass,emerg
1413,emerg,emili
1414,emili,eminem
1415,eminem,emma
1416,emma,emo
1417,emo,emot
1418,emot,empir
1419,empir,employ
1420,employ,empti
1421,empti,en
1422,en,enabl
1423,enabl,encourag
1424,encourag,end
1425,end,endless
1426,endless,endur
1427,endur,energi
1428,energi,engag
1429,engag,engin
1430,engin,england
1431,england,english
1432,english,enjoy
1433,enjoy,enjoyin
1434,enjoyin,enough
1435,enough,enter
1436,enter,entertain
1437,entertain,entir
1438,entir,entri
1439,entri,enuff
1440,enuff,envi
1441,envi,environ
1442,environ,ep
1443,ep,epic
1444,epic,episod
1445,episod,equal
1446,equal,equip
1447,equip,equiv
1448,equiv,er
1449,er,era
1450,era,ergh
1451,ergh,eric
1452,eric,erica
1453,erica,erika
1454,erika,erin
1455,erin,err
1456,err,errand
1457,errand,error
1458,error,es
1459,es,escap
1460,escap,esp
1461,esp,especi
1462,especi,espresso
1463,espresso,essay
1464,essay,essex
1465,essex,est
1466,est,et
1467,et,etc
1468,etc,etch
1469,etch,europ
1470,europ,european
1471,european,eva
1472,eva,eve
1473,eve,even
1474,even,event
1475,event,eventu
1476,eventu,ever
1477,ever,everi
1478,everi,everton
1479,everton,everybodi
1480,everybodi,everyday
1481,everyday,everyon
1482,everyon,everyth
1483,everyth,everytim
1484,everytim,everywh
1485,everywh,evid
1486,evid,evil
1487,evil,evolut
1488,evolut,ew
1489,ew,eww
1490,eww,ex
1491,ex,exact
1492,exact,exactli
1493,exactli,exam
1494,exam,exampl
1495,exampl,excel
1496,excel,except
1497,except,exchang
1498,exchang,excit
1499,excit,excu
1500,excu,exerci
1501,exerci,exhaust
1502,exhaust,exhibit
1503,exhibit,exist
1504,exist,exit
1505,exit,expect
1506,expect,expen
1507,expen,experi
1508,experi,experienc
1509,experienc,expert
1510,expert,expir
1511,expir,explain
1512,explain,explod
1513,explod,explor
1514,explor,expo
1515,expo,export
1516,export,express
1517,express,exten
1518,exten,extend
1519,extend,extern
1520,extern,extra
1521,extra,extrem
1522,extrem,eye
1523,eye,eyeb
1524,eyeb,eyebrow
1525,eyebrow,f
1526,f,fa
1527,fa,fab
1528,fab,fabul
1529,fabul,face
1530,face,facebook
1531,facebook,facial
1532,facial,fact
1533,fact,factor
1534,factor,factori
1535,factori,fade
1536,fade,fail
1537,fail,failur
1538,failur,fair
1539,fair,fairi
1540,fairi,fairli
1541,fairli,faith
1542,faith,fake
1543,fake,fall
1544,fall,fallen
1545,fallen,fam
1546,fam,fame
1547,fame,famili
1548,famili,familiar
1549,familiar,famou
1550,famou,fan
1551,fan,fanci
1552,fanci,fanclub
1553,fanclub,fantasi
1554,fantasi,fantast
1555,fantast,far
1556,far,farewel
1557,farewel,farm
1558,farm,farmer
1559,farmer,fashion
1560,fashion,fast
1561,fast,faster
1562,faster,fat
1563,fat,fatal
1564,fatal,father
1565,father,fatti
1566,fatti,fault
1567,fault,fav
1568,fav,fave
1569,fave,favor
1570,favor,favorit
1571,favorit,favourit
1572,favourit,fb
1573,fb,fear
1574,fear,feat
1575,feat,featur
1576,featur,fed
1577,fed,fee
1578,fee,feed
1579,feed,feedback
1580,feedback,feel
1581,feel,feelin
1582,feelin,feet
1583,feet,felic
1584,felic,fell
1585,fell,fella
1586,fella,fellow
1587,fellow,felt
1588,felt,femal
1589,femal,fer
1590,fer,fern
1591,fern,ferrari
1592,ferrari,ferret
1593,ferret,ferri
1594,ferri,fest
1595,fest,festiv
1596,festiv,fever
1597,fever,ff
1598,ff,fi
1599,fi,fianc
1600,fianc,fiber
1601,fiber,fiction
1602,fiction,fiddl
1603,fiddl,field
1604,field,fight
1605,fight,figur
1606,figur,file
1607,file,fill
1608,fill,film
1609,film,filter
1610,filter,final
1611,final,finali
1612,finali,financ
1613,financ,find
1614,find,fine
1615,fine,finger
1616,finger,finish
1617,finish,finland
1618,finland,finnish
1619,finnish,fire
1620,fire,firefox
1621,firefox,first
1622,first,fish
1623,fish,fishi
1624,fishi,fit
1625,fit,five
1626,five,fix
1627,fix,fl
1628,fl,flag
1629,flag,flake
1630,flake,flame
1631,flame,flash
1632,flash,flat
1633,flat,flatt
1634,flatt,flavor
1635,flavor,flea
1636,flea,flew
1637,flew,fli
1638,fli,flick
1639,flick,flickr
1640,flickr,flight
1641,flight,flip
1642,flip,flippin
1643,flippin,flirt
1644,flirt,flood
1645,flood,floor
1646,floor,florenc
1647,florenc,florida
1648,florida,flow
1649,flow,flower
1650,flower,flu
1651,flu,fluffi
1652,fluffi,fluid
1653,fluid,flyer
1654,flyer,fm
1655,fm,fml
1656,fml,fo
1657,fo,fob
1658,fob,focu
1659,focu,fold
1660,fold,folder
1661,folder,folk
1662,folk,follow
1663,follow,followfriday
1664,followfriday,fone
1665,fone,font
1666,font,food
1667,food,fool
1668,fool,foot
1669,foot,footag
1670,footag,footbal
1671,footbal,footi
1672,footi,forc
1673,forc,ford
1674,ford,forecast
1675,forecast,foreign
1676,foreign,forest
1677,forest,forev
1678,forev,forget
1679,forget,forgiv
1680,forgiv,forgot
1681,forgot,forgotten
1682,forgotten,fork
1683,fork,form
1684,form,formal
1685,formal,format
1686,format,former
1687,former,formula
1688,formula,fort
1689,fort,forth
1690,forth,fortun
1691,fortun,forum
1692,forum,forward
1693,forward,foster
1694,foster,found
1695,found,fountain
1696,fountain,four
1697,four,fox
1698,fox,fr
1699,fr,fractur
1700,fractur,frame
1701,frame,franc
1702,franc,francisco
1703,francisco,frank
1704,frank,franki
1705,franki,franz
1706,franz,frap
1707,frap,freak
1708,freak,freakin
1709,freakin,fred
1710,fred,free
1711,free,freebi
1712,freebi,freedom
1713,freedom,freez
1714,freez,freezer
1715,freezer,freind
1716,freind,french
1717,french,fresh
1718,fresh,fresno
1719,fresno,fri
1720,fri,friday
1721,friday,fridg
1722,fridg,friend
1723,friend,friendf
1724,friendf,friendli
1725,friendli,friendship
1726,friendship,friggin
1727,friggin,fring
1728,fring,frm
1729,frm,frog
1730,frog,front
1731,front,frost
1732,frost,frown
1733,frown,froze
1734,froze,frozen
1735,frozen,fruit
1736,fruit,frustrat
1737,frustrat,ft
1738,ft,ftw
1739,ftw,fu
1740,fu,fuck
1741,fuck,fucker
1742,fucker,fuckin
1743,fuckin,fuel
1744,fuel,full
1745,full,fulli
1746,fulli,fume
1747,fume,fun
1748,fun,function
1749,function,fund
1750,fund,fundrai
1751,fundrai,funer
1752,funer,funki
1753,funki,funn
1754,funn,funni
1755,funni,funniest
1756,funniest,furiou
1757,furiou,furnitur
1758,furnitur,futur
1759,futur,fuuck
1760,fuuck,fuzzi
1761,fuzzi,fwd
1762,fwd,fyi
1763,fyi,g
1764,g,ga
1765,ga,gaah
1766,gaah,gadget
1767,gadget,gag
1768,gag,gaga
1769,gaga,gah
1770,gah,gahh
1771,gahh,gain
1772,gain,gal
1773,gal,galaxi
1774,galaxi,galleri
1775,galleri,galleria
1776,galleria,game
1777,game,gang
1778,gang,garag
1779,garag,garbag
1780,garbag,garden
1781,garden,gari
1782,gari,garlic
1783,garlic,gate
1784,gate,gateway
1785,gateway,gave
1786,gave,gawd
1787,gawd,gay
1788,gay,gb
1789,gb,gd
1790,gd,gear
1791,gear,gee
1792,gee,geek
1793,geek,geez
1794,geez,gem
1795,gem,gener
1796,gener,geniu
1797,geniu,gentl
1798,gentl,genuin
1799,genuin,geographi
1800,geographi,georg
1801,georg,georgia
1802,georgia,german
1803,german,germani
1804,germani,get
1805,get,gettin
1806,gettin,gf
1807,gf,gg
1808,gg,ghost
1809,ghost,gi
1810,gi,giant
1811,giant,giddi
1812,giddi,gift
1813,gift,gig
1814,gig,giggl
1815,giggl,gilmor
1816,gilmor,ginger
1817,ginger,girl
1818,girl,girlfriend
1819,girlfriend,girli
1820,girli,girlquot
1821,girlquot,git
1822,git,give
1823,give,giveaway
1824,giveaway,given
1825,given,givin
1826,givin,glad
1827,glad,glanc
1828,glanc,glasgow
1829,glasgow,glass
1830,glass,glitch
1831,glitch,glitter
1832,glitter,global
1833,global,globe
1834,globe,gloomi
1835,gloomi,glori
1836,glori,gloriou
1837,gloriou,glove
1838,glove,glue
1839,glue,gma
1840,gma,gmail
1841,gmail,gnite
1842,gnite,go
1843,go,goal
1844,goal,god
1845,god,goddamn
1846,goddamn,goddess
1847,goddess,goe
1848,goe,goin
1849,goin,gold
1850,gold,golden
1851,golden,goldfish
1852,goldfish,golf
1853,golf,gona
1854,gona,gone
1855,gone,goo
1856,goo,good
1857,good,goodbi
1858,goodbi,goodd
1859,goodd,goodi
1860,goodi,goodluck
1861,goodluck,goodmorn
1862,goodmorn,goodnight
1863,goodnight,goodnit
1864,goodnit,googl
1865,googl,gorgeou
1866,gorgeou,gosh
1867,gosh,gospel
1868,gospel,gossip
1869,gossip,got
1870,got,gotcha
1871,gotcha,goto
1872,goto,gotten
1873,gotten,govern
1874,govern,govt
1875,govt,gp
1876,gp,gr
1877,gr,grab
1878,grab,grace
1879,grace,grad
1880,grad,grade
1881,grade,graduat
1882,graduat,gran
1883,gran,grand
1884,grand,grandma
1885,grandma,grandmoth
1886,grandmoth,grandpa
1887,grandpa,grandpar
1888,grandpar,granni
1889,granni,grant
1890,grant,graph
1891,graph,graphic
1892,graphic,grass
1893,grass,grate
1894,grate,grave
1895,grave,gray
1896,gray,grea
1897,grea,great
1898,great,greatest
1899,greatest,greatt
1900,greatt,greedi
1901,greedi,greek
1902,greek,green
1903,green,greet
1904,greet,greg
1905,greg,grew
1906,grew,grey
1907,grey,grill
1908,grill,grin
1909,grin,grind
1910,grind,grip
1911,grip,grit
1912,grit,groceri
1913,groceri,groov
1914,groov,gross
1915,gross,ground
1916,ground,group
1917,group,grow
1918,grow,grown
1919,grown,grr
1920,grr,grumpi
1921,grumpi,gt
1922,gt,gta
1923,gta,gtgt
1924,gtgt,gtlt
1925,gtlt,guard
1926,guard,gud
1927,gud,guess
1928,guess,guest
1929,guest,guid
1930,guid,guilti
1931,guilti,guitar
1932,guitar,gum
1933,gum,gun
1934,gun,guna
1935,guna,gunna
1936,gunna,gurl
1937,gurl,gut
1938,gut,guy
1939,guy,gym
1940,gym,h
1941,h,ha
1942,ha,haa
1943,haa,habit
1944,habit,hack
1945,hack,hacker
1946,hacker,hah
1947,hah,haha
1948,haha,hahaa
1949,hahaa,hahah
1950,hahah,hahaha
1951,hahaha,hahahah
1952,hahahah,hahahaha
1953,hahahaha,hahahahaha
1954,hahahahaha,hahha
1955,hahha,hail
1956,hail,hair
1957,hair,haircut
1958,haircut,hairdress
1959,hairdress,half
1960,half,halfway
1961,halfway,hall
1962,hall,halloween
1963,halloween,halo
1964,halo,ham
1965,ham,hamilton
1966,hamilton,hamster
1967,hamster,hand
1968,hand,handi
1969,handi,handl
1970,handl,handsom
1971,handsom,hang
1972,hang,hangin
1973,hangin,hangout
1974,hangout,hangov
1975,hangov,hannah
1976,hannah,happen
1977,happen,happi
1978,happi,happier
1979,happier,happili
1980,happili,har
1981,har,hard
1982,hard,hardcor
1983,hardcor,harder
1984,harder,hardest
1985,hardest,hardli
1986,hardli,harm
1987,harm,harri
1988,harri,harsh
1989,harsh,hash
1990,hash,hat
1991,hat,hatch
1992,hatch,hate
1993,hate,hater
1994,hater,haunt
1995,haunt,hav
1996,hav,havin
1997,havin,havnt
1998,havnt,hawaii
1999,hawaii,hawk
2000,hawk,hay
2001,hay,hayfev
2002,hayfev,haz
2003,haz,hb
2004,hb,hbo
2005,hbo,hd
2006,hd,hdd
2007,hdd,head
2008,head,headach
2009,headach,headin
2010,headin,headlin
2011,headlin,headphon
2012,headphon,heal
2013,heal,health
2014,health,healthi
2015,healthi,heap
2016,heap,hear
2017,hear,heard
2018,heard,heart
2019,heart,heartbreak
2020,heartbreak,heat
2021,heat,heater
2022,heater,heath
2023,heath,heather
2024,heather,heaven
2025,heaven,heavi
2026,heavi,heck
2027,heck,hectic
2028,hectic,hee
2029,hee,heeh
2030,heeh,heel
2031,heel,heey
2032,heey,heh
2033,heh,hehe
2034,hehe,heheh
2035,heheh,held
2036,held,hell
2037,hell,hella
2038,hella,hello
2039,hello,helloo
2040,helloo,help
2041,help,hen
2042,hen,henri
2043,henri,herb
2044,herb,hero
2045,hero,hershey
2046,hershey,hey
2047,hey,heyi
2048,heyi,hi
2049,hi,hiccup
2050,hiccup,hidden
2051,hidden,hide
2052,hide,high
2053,high,higher
2054,higher,highli
2055,highli,highlight
2056,highlight,highschool
2057,highschool,hii
2058,hii,hike
2059,hike,hilari
2060,hilari,hill
2061,hill,hilton
2062,hilton,hint
2063,hint,hip
2064,hip,hippi
2065,hippi,hire
2066,hire,histori
2067,histori,hit
2068,hit,hittin
2069,hittin,hiya
2070,hiya,hk
2071,hk,hm
2072,hm,hmm
2073,hmm,hmph
2074,hmph,ho
2075,ho,hob
2076,hob,hobbi
2077,hobbi,hockey
2078,hockey,hoe
2079,hoe,hoedown
2080,hoedown,hog
2081,hog,hol
2082,hol,hola
2083,hola,hold
2084,hold,hole
2085,hole,holi
2086,holi,holiday
2087,holiday,holla
2088,holla,holland
2089,holland,holli
2090,holli,hollywood
2091,hollywood,home
2092,home,homemad
2093,homemad,homesick
2094,homesick,homework
2095,homework,homi
2096,homi,hon
2097,hon,honest
2098,honest,honestli
2099,honestli,honey
2100,honey,honeymoon
2101,honeymoon,honor
2102,honor,hoo
2103,hoo,hood
2104,hood,hoodi
2105,hoodi,hook
2106,hook,hookah
2107,hookah,hooray
2108,hooray,hop
2109,hop,hope
2110,hope,hor
2111,hor,horizon
2112,horizon,horribl
2113,horribl,horrid
2114,horrid,horror
2115,horror,hospit
2116,hospit,host
2117,host,hot
2118,hot,hotel
2119,hotel,hott
2120,hott,hotter
2121,hotter,hottest
2122,hottest,hotti
2123,hotti,hou
2124,hou,hour
2125,hour,household
2126,household,housew
2127,housew,housework
2128,housework,houston
2129,houston,howev
2130,howev,hp
2131,hp,hr
2132,hr,hrm
2133,hrm,hs
2134,hs,hsm
2135,hsm,html
2136,html,httpff
2137,httpff,httptr
2138,httptr,hub
2139,hub,hubbi
2140,hubbi,hug
2141,hug,huge
2142,huge,hugg
2143,hugg,hugh
2144,hugh,huh
2145,huh,hulk
2146,hulk,hull
2147,hull,hulu
2148,hulu,hum
2149,hum,human
2150,human,humid
2151,humid,humm
2152,humm,humor
2153,humor,humour
2154,humour,hun
2155,hun,hundr
2156,hundr,hung
2157,hung,hungov
2158,hungov,hungri
2159,hungri,hunni
2160,hunni,hunt
2161,hunt,hunter
2162,hunter,hurrah
2163,hurrah,hurray
2164,hurray,hurri
2165,hurri,hurt
2166,hurt,hurti
2167,hurti,husband
2168,husband,hustl
2169,hustl,hut
2170,hut,huzzah
2171,huzzah,hv
2172,hv,hw
2173,hw,hype
2174,hype,hyper
2175,hyper,ian
2176,ian,icarli
2177,icarli,ice
2178,ice,icecream
2179,icecream,ich
2180,ich,ick
2181,ick,icki
2182,icki,icon
2183,icon,id
2184,id,idea
2185,idea,ideal
2186,ideal,idiot
2187,idiot,idol
2188,idol,ie
2189,ie,ignor
2190,ignor,ihop
2191,ihop,ii
2192,ii,ikea
2193,ikea,il
2194,il,ili
2195,ili,ill
2196,ill,illeg
2197,illeg,imac
2198,imac,imag
2199,imag,imagin
2200,imagin,imax
2201,imax,immedi
2202,immedi,immen
2203,immen,impact
2204,impact,implement
2205,implement,import
2206,import,imposs
2207,imposs,impress
2208,impress,improv
2209,improv,inappropri
2210,inappropri,inbox
2211,inbox,inch
2212,inch,incid
2213,incid,includ
2214,includ,incom
2215,incom,incr
2216,incr,increa
2217,increa,ind
2218,ind,independ
2219,independ,indi
2220,indi,india
2221,india,indian
2222,indian,indiana
2223,indiana,individu
2224,individu,indoor
2225,indoor,indulg
2226,indulg,industri
2227,industri,inevit
2228,inevit,infect
2229,infect,influenc
2230,influenc,info
2231,info,inform
2232,inform,ing
2233,ing,ingredi
2234,ingredi,initi
2235,initi,injur
2236,injur,injuri
2237,injuri,ink
2238,ink,inlaw
2239,inlaw,inner
2240,inner,inning
2241,inning,innoc
2242,innoc,input
2243,input,insan
2244,insan,insid
2245,insid,insight
2246,insight,insomnia
2247,insomnia,insomniac
2248,insomniac,inspir
2249,inspir,instal
2250,instal,instant
2251,instant,instead
2252,instead,instrument
2253,instrument,insult
2254,insult,insur
2255,insur,integr
2256,integr,intellig
2257,intellig,inten
2258,inten,intend
2259,intend,intent
2260,intent,interact
2261,interact,interest
2262,interest,interfac
2263,interfac,intern
2264,intern,internet
2265,internet,internship
2266,internship,interv
2267,interv,interview
2268,interview,interweb
2269,interweb,intro
2270,intro,introduc
2271,introduc,intuit
2272,intuit,invad
2273,invad,invent
2274,invent,invest
2275,invest,investig
2276,investig,invi
2277,invi,invit
2278,invit,involv
2279,involv,iowa
2280,iowa,iphon
2281,iphon,ipl
2282,ipl,iplay
2283,iplay,ipod
2284,ipod,ir
2285,ir,iraq
2286,iraq,ireland
2287,ireland,irish
2288,irish,irl
2289,irl,iron
2290,iron,ironi
2291,ironi,irrit
2292,irrit,ish
2293,ish,island
2294,island,issu
2295,issu,itali
2296,itali,italian
2297,italian,itch
2298,itch,itchi
2299,itchi,item
2300,item,itouch
2301,itouch,itquot
2302,itquot,itt
2303,itt,itun
2304,itun,itv
2305,itv,iv
2306,iv,iz
2307,iz,ja
2308,ja,jack
2309,jack,jacket
2310,jacket,jacki
2311,jacki,jackson
2312,jackson,jade
2313,jade,jail
2314,jail,jake
2315,jake,jam
2316,jam,jame
2317,jame,jami
2318,jami,jammi
2319,jammi,jammin
2320,jammin,jane
2321,jane,japan
2322,japan,jar
2323,jar,jare
2324,jare,jason
2325,jason,java
2326,java,jaw
2327,jaw,jay
2328,jay,jazz
2329,jazz,jb
2330,jb,je
2331,je,jealou
2332,jealou,jean
2333,jean,jeez
2334,jeez,jeff
2335,jeff,jelli
2336,jelli,jello
2337,jello,jelou
2338,jelou,jen
2339,jen,jenn
2340,jenn,jenni
2341,jenni,jennif
2342,jennif,jeremi
2343,jeremi,jerk
2344,jerk,jerri
2345,jerri,jersey
2346,jersey,jess
2347,jess,jessica
2348,jessica,jesu
2349,jesu,jet
2350,jet,jg
2351,jg,jim
2352,jim,jimmi
2353,jimmi,jj
2354,jj,jk
2355,jk,jo
2356,jo,job
2357,job,jodi
2358,jodi,joe
2359,joe,joel
2360,joel,joey
2361,joey,jog
2362,jog,john
2363,john,johnni
2364,johnni,johnson
2365,johnson,join
2366,join,joint
2367,joint,jojo
2368,jojo,joke
2369,joke,jon
2370,jon,jona
2371,jona,jonathan
2372,jonathan,jone
2373,jone,jonni
2374,jonni,jordan
2375,jordan,jose
2376,jose,josh
2377,josh,journal
2378,journal,journalist
2379,journalist,journey
2380,journey,joy
2381,joy,jpg
2382,jpg,jqueri
2383,jqueri,jr
2384,jr,js
2385,js,jst
2386,jst,ju
2387,ju,judg
2388,judg,juic
2389,juic,juli
2390,juli,julia
2391,julia,jump
2392,jump,june
2393,june,junior
2394,junior,junk
2395,junk,juri
2396,juri,justin
2397,justin,k
2398,k,ka
2399,ka,kal
2400,kal,kansa
2401,kansa,karaok
2402,karaok,karat
2403,karat,kardashian
2404,kardashian,karen
2405,karen,karma
2406,karma,kart
2407,kart,kat
2408,kat,kate
2409,kate,kathi
2410,kathi,kati
2411,kati,kay
2412,kay,kayla
2413,kayla,kc
2414,kc,ke
2415,ke,keen
2416,keen,keep
2417,keep,kelli
2418,kelli,kelsey
2419,kelsey,ken
2420,ken,kenni
2421,kenni,kentucki
2422,kentucki,kept
2423,kept,keri
2424,keri,kettl
2425,kettl,kevin
2426,kevin,kewl
2427,kewl,key
2428,key,keyboard
2429,keyboard,kfc
2430,kfc,kg
2431,kg,kick
2432,kick,kickass
2433,kickass,kid
2434,kid,kiddi
2435,kiddi,kiddo
2436,kiddo,kidnap
2437,kidnap,kidney
2438,kidney,kill
2439,kill,killer
2440,killer,killin
2441,killin,kim
2442,kim,kimi
2443,kimi,kind
2444,kind,kindli
2445,kindli,king
2446,king,kingdom
2447,kingdom,kiss
2448,kiss,kitchen
2449,kitchen,kite
2450,kite,kitten
2451,kitten,kitti
2452,kitti,kiwi
2453,kiwi,km
2454,km,knacker
2455,knacker,knee
2456,knee,knew
2457,knew,knight
2458,knight,knit
2459,knit,kno
2460,kno,knock
2461,knock,know
2462,know,knowledg
2463,knowledg,known
2464,known,knoww
2465,knoww,knw
2466,knw,ko
2467,ko,kool
2468,kool,korea
2469,korea,korean
2470,korean,kristen
2471,kristen,kudo
2472,kudo,kutcher
2473,kutcher,kutner
2474,kutner,kyle
2475,kyle,l
2476,l,la
2477,la,lab
2478,lab,label
2479,label,labour
2480,labour,lace
2481,lace,lack
2482,lack,lad
2483,lad,ladi
2484,ladi,lag
2485,lag,laid
2486,laid,lake
2487,lake,laker
2488,laker,lamb
2489,lamb,lame
2490,lame,lan
2491,lan,land
2492,land,lane
2493,lane,lang
2494,lang,languag
2495,languag,lap
2496,lap,laptop
2497,laptop,larg
2498,larg,larri
2499,larri,laser
2500,laser,last
2501,last,lastfm
2502,lastfm,lastnight
2503,lastnight,late
2504,late,later
2505,later,latest
2506,latest,latt
2507,latt,laugh
2508,laugh,laughter
2509,laughter,launch
2510,launch,laundri
2511,laundri,laura
2512,laura,lauren
2513,lauren,law
2514,law,lawn
2515,lawn,lawyer
2516,lawyer,lax
2517,lax,lay
2518,lay,layer
2519,layer,layin
2520,layin,layout
2521,layout,lazi
2522,lazi,lb
2523,lb,le
2524,le,lead
2525,lead,leader
2526,leader,leagu
2527,leagu,leah
2528,leah,leak
2529,leak,lean
2530,lean,leap
2531,leap,learn
2532,learn,learnt
2533,learnt,least
2534,least,leather
2535,leather,leav
2536,leav,leavin
2537,leavin,lectur
2538,lectur,led
2539,led,ledger
2540,ledger,lee
2541,lee,leed
2542,leed,left
2543,left,leftov
2544,leftov,leg
2545,leg,legal
2546,legal,legend
2547,legend,legit
2548,legit,lemon
2549,lemon,lemonad
2550,lemonad,len
2551,len,length
2552,length,leon
2553,leon,leonard
2554,leonard,leopard
2555,leopard,less
2556,less,lesson
2557,lesson,let
2558,let,letter
2559,letter,level
2560,level,lewi
2561,lewi,lg
2562,lg,librari
2563,librari,licen
2564,licen,lick
2565,lick,liddel
2566,liddel,lie
2567,lie,life
2568,life,lifestyl
2569,lifestyl,lift
2570,lift,light
2571,light,lighten
2572,lighten,lightn
2573,lightn,like
2574,like,lil
2575,lil,lili
2576,lili,lime
2577,lime,limit
2578,limit,line
2579,line,link
2580,link,linux
2581,linux,lip
2582,lip,liquor
2583,liquor,lisa
2584,lisa,list
2585,list,listen
2586,listen,listenin
2587,listenin,lit
2588,lit,liter
2589,liter,literatur
2590,literatur,littl
2591,littl,live
2592,live,liver
2593,liver,liverpool
2594,liverpool,livin
2595,livin,liz
2596,liz,lj
2597,lj,lmao
2598,lmao,lmaoo
2599,lmaoo,lmfao
2600,lmfao,lo
2601,lo,load
2602,load,loan
2603,loan,lobster
2604,lobster,local
2605,local,locat
2606,locat,lock
2607,lock,log
2608,log,logo
2609,logo,lol
2610,lol,loll
2611,loll,lollipop
2612,lollipop,lolol
2613,lolol,lolz
2614,lolz,london
2615,london,lone
2616,lone,long
2617,long,longer
2618,longer,longest
2619,longest,longg
2620,longg,loo
2621,loo,look
2622,look,lookin
2623,lookin,loong
2624,loong,loop
2625,loop,loov
2626,loov,lord
2627,lord,lose
2628,lose,loser
2629,loser,loss
2630,loss,lost
2631,lost,lot
2632,lot,lotion
2633,lotion,lotsa
2634,lotsa,loud
2635,loud,loui
2636,loui,louisvil
2637,louisvil,loung
2638,loung,lovato
2639,lovato,love
2640,love,lover
2641,lover,lovin
2642,lovin,low
2643,low,lower
2644,lower,lt
2645,lt,ltlt
2646,ltlt,luca
2647,luca,luci
2648,luci,luck
2649,luck,lucki
2650,lucki,luckili
2651,luckili,luggag
2652,luggag,luke
2653,luke,lunch
2654,lunch,lunchtim
2655,lunchtim,lung
2656,lung,lush
2657,lush,luxuri
2658,luxuri,lyk
2659,lyk,lyric
2660,lyric,mac
2661,mac,macbook
2662,macbook,macheist
2663,macheist,machin
2664,machin,mad
2665,mad,madam
2666,madam,madden
2667,madden,maddi
2668,maddi,made
2669,made,madonna
2670,madonna,madrid
2671,madrid,mag
2672,mag,magazin
2673,magazin,magic
2674,magic,mah
2675,mah,mail
2676,mail,main
2677,main,mainli
2678,mainli,mainten
2679,mainten,major
2680,major,make
2681,make,maker
2682,maker,makeup
2683,makeup,makin
2684,makin,male
2685,male,mall
2686,mall,mam
2687,mam,mama
2688,mama,man
2689,man,manag
2690,manag,manchest
2691,manchest,mandi
2692,mandi,mango
2693,mango,mani
2694,mani,manila
2695,manila,mann
2696,mann,mantra
2697,mantra,manu
2698,manu,manual
2699,manual,map
2700,map,mapl
2701,mapl,mar
2702,mar,marathon
2703,marathon,marc
2704,marc,march
2705,march,margarita
2706,margarita,mari
2707,mari,maria
2708,maria,mariah
2709,mariah,marin
2710,marin,mario
2711,mario,mark
2712,mark,market
2713,market,marley
2714,marley,marri
2715,marri,marriag
2716,marriag,mart
2717,mart,martha
2718,martha,martin
2719,martin,martini
2720,martini,marvel
2721,marvel,mask
2722,mask,mass
2723,mass,massag
2724,massag,massiv
2725,massiv,master
2726,master,match
2727,match,mate
2728,mate,materi
2729,materi,math
2730,math,matrix
2731,matrix,matt
2732,matt,matter
2733,matter,matthew
2734,matthew,mav
2735,mav,max
2736,max,may
2737,may,maya
2738,maya,mayb
2739,mayb,mayer
2740,mayer,mb
2741,mb,mbp
2742,mbp,mc
2743,mc,mcdonald
2744,mcdonald,mcfli
2745,mcfli,meal
2746,meal,mean
2747,mean,meani
2748,meani,meant
2749,meant,meantim
2750,meantim,meat
2751,meat,mechan
2752,mechan,med
2753,med,media
2754,media,medic
2755,medic,medicin
2756,medicin,medit
2757,medit,mee
2758,mee,meet
2759,meet,meg
2760,meg,mega
2761,mega,megan
2762,megan,meh
2763,meh,mel
2764,mel,melbourn
2765,melbourn,melissa
2766,melissa,melt
2767,melt,member
2768,member,memor
2769,memor,memori
2770,memori,memphi
2771,memphi,men
2772,men,ment
2773,ment,mental
2774,mental,mention
2775,mention,menu
2776,menu,mequot
2777,mequot,merci
2778,merci,mess
2779,mess,messag
2780,messag,messeng
2781,messeng,messi
2782,messi,met
2783,met,metal
2784,metal,methink
2785,methink,method
2786,method,metro
2787,metro,mexican
2788,mexican,mexico
2789,mexico,mi
2790,mi,mia
2791,mia,miami
2792,miami,mic
2793,mic,mich
2794,mich,michael
2795,michael,michel
2796,michel,michigan
2797,michigan,microsoft
2798,microsoft,microwav
2799,microwav,mid
2800,mid,middl
2801,middl,midnight
2802,midnight,midterm
2803,midterm,might
2804,might,mighti
2805,mighti,migrain
2806,migrain,mike
2807,mike,mikey
2808,mikey,mikeyi
2809,mikeyi,mil
2810,mil,mile
2811,mile,mileston
2812,mileston,miley
2813,miley,milk
2814,milk,mill
2815,mill,million
2816,million,millionair
2817,millionair,mimi
2818,mimi,min
2819,min,mind
2820,mind,mine
2821,mine,mini
2822,mini,minnesota
2823,minnesota,minor
2824,minor,mint
2825,mint,minu
2826,minu,minut
2827,minut,miracl
2828,miracl,mirror
2829,mirror,miser
2830,miser,miss
2831,miss,missin
2832,missin,mission
2833,mission,mistak
2834,mistak,mistaken
2835,mistaken,mitchel
2836,mitchel,mix
2837,mix,mixtap
2838,mixtap,mj
2839,mj,mk
2840,mk,mm
2841,mm,mmm
2842,mmm,mn
2843,mn,mo
2844,mo,moan
2845,moan,mobil
2846,mobil,mocha
2847,mocha,mock
2848,mock,mode
2849,mode,model
2850,model,modern
2851,modern,modul
2852,modul,moi
2853,moi,molli
2854,molli,mom
2855,mom,moment
2856,moment,momma
2857,momma,mommi
2858,mommi,mon
2859,mon,monday
2860,monday,money
2861,money,monitor
2862,monitor,monkey
2863,monkey,monster
2864,monster,montana
2865,montana,month
2866,month,montreal
2867,montreal,moo
2868,moo,mood
2869,mood,moon
2870,moon,morgan
2871,morgan,morn
2872,morn,mornin
2873,mornin,moro
2874,moro,morrow
2875,morrow,mostli
2876,mostli,mother
2877,mother,motion
2878,motion,motiv
2879,motiv,motorcycl
2880,motorcycl,mou
2881,mou,mount
2882,mount,mountain
2883,mountain,mourn
2884,mourn,mouth
2885,mouth,move
2886,move,movement
2887,movement,movi
2888,movi,mow
2889,mow,moz
2890,moz,mp
2891,mp,mph
2892,mph,mr
2893,mr,mraz
2894,mraz,ms
2895,ms,msn
2896,msn,msu
2897,msu,mt
2898,mt,mtv
2899,mtv,much
2900,much,mucho
2901,mucho,mud
2902,mud,muffin
2903,muffin,mug
2904,mug,multipl
2905,multipl,multitask
2906,multitask,mum
2907,mum,mumbai
2908,mumbai,mummi
2909,mummi,murder
2910,murder,murray
2911,murray,muscl
2912,muscl,museum
2913,museum,music
2914,music,musician
2915,musician,must
2916,must,mwah
2917,mwah,myspac
2918,myspac,mysteri
2919,mysteri,mystic
2920,mystic,n
2921,n,na
2922,na,nada
2923,nada,nah
2924,nah,nahh
2925,nahh,nail
2926,nail,nake
2927,nake,name
2928,name,nan
2929,nan,nao
2930,nao,nap
2931,nap,nashvil
2932,nashvil,nasti
2933,nasti,nat
2934,nat,natali
2935,natali,nate
2936,nate,nathan
2937,nathan,nation
2938,nation,natur
2939,natur,naughti
2940,naughti,nauseou
2941,nauseou,naw
2942,naw,naww
2943,naww,nba
2944,nba,nc
2945,nc,nd
2946,nd,ne
2947,ne,near
2948,near,nearest
2949,nearest,nearli
2950,nearli,neat
2951,neat,necessari
2952,necessari,neck
2953,neck,necklac
2954,necklac,need
2955,need,neg
2956,neg,neglect
2957,neglect,neighbor
2958,neighbor,neighborhood
2959,neighborhood,neighbour
2960,neighbour,neither
2961,neither,nephew
2962,nephew,nerd
2963,nerd,nerv
2964,nerv,nervou
2965,nervou,net
2966,net,netbal
2967,netbal,netbook
2968,netbook,netflix
2969,netflix,network
2970,network,neva
2971,neva,never
2972,never,nevermind
2973,nevermind,new
2974,new,newbi
2975,newbi,newcastl
2976,newcastl,newer
2977,newer,newport
2978,newport,news
2979,news,newslett
2980,newslett,newspap
2981,newspap,next
2982,next,ng
2983,ng,nh
2984,nh,nice
2985,nice,nicer
2986,nicer,nick
2987,nick,nicol
2988,nicol,niec
2989,niec,nigga
2990,nigga,night
2991,night,nighter
2992,nighter,nighti
2993,nighti,nightmar
2994,nightmar,niic
2995,niic,nikki
2996,nikki,ninja
2997,ninja,nite
2998,nite,nkotb
2999,nkotb,noah
3000,noah,nobl
3001,nobl,nobodi
3002,nobodi,nod
3003,nod,noe
3004,noe,noi
3005,noi,nokia
3006,nokia,nom
3007,nom,nomin
3008,nomin,non
3009,non,none
3010,none,nonetheless
3011,nonetheless,nonsen
3012,nonsen,noo
3013,noo,noodl
3014,noodl,noon
3015,noon,nope
3016,nope,normal
3017,normal,north
3018,north,norway
3019,norway,nose
3020,nose,note
3021,note,notebook
3022,notebook,noth
3023,noth,nothin
3024,nothin,notic
3025,notic,nottingham
3026,nottingham,novel
3027,novel,nowher
3028,nowher,noww
3029,noww,np
3030,np,nt
3031,nt,ntt
3032,ntt,numb
3033,numb,number
3034,number,nur
3035,nur,nut
3036,nut,nw
3037,nw,nxt
3038,nxt,ny
3039,ny,nyc
3040,nyc,nz
3041,nz,oat
3042,oat,oatmeal
3043,oatmeal,obama
3044,obama,observ
3045,observ,obsess
3046,obsess,obviou
3047,obviou,oc
3048,oc,occur
3049,occur,ocean
3050,ocean,octob
3051,octob,odd
3052,odd,oddli
3053,oddli,offen
3054,offen,offend
3055,offend,offer
3056,offer,offic
3057,offic,offici
3058,offici,offlin
3059,offlin,often
3060,often,oh
3061,oh,ohh
3062,ohh,ohio
3063,ohio,oil
3064,oil,ok
3065,ok,okay
3066,okay,okayi
3067,okayi,oki
3068,oki,old
3069,old,older
3070,older,oldest
3071,oldest,ole
3072,ole,oliv
3073,oliv,omfg
3074,omfg,omg
3075,omg,omgg
3076,omgg,one
3077,one,onlin
3078,onlin,onto
3079,onto,oo
3080,oo,ooh
3081,ooh,oohh
3082,oohh,ooo
3083,ooo,oooh
3084,oooh,ooop
3085,ooop,oop
3086,oop,op
3087,op,open
3088,open,oper
3089,oper,opera
3090,opera,opinion
3091,opinion,opp
3092,opp,opportun
3093,opportun,opposit
3094,opposit,oprah
3095,oprah,option
3096,option,oral
3097,oral,orang
3098,orang,order
3099,order,oreo
3100,oreo,organ
3101,organ,organi
3102,organi,orient
3103,orient,origin
3104,origin,orlando
3105,orlando,os
3106,os,otherwi
3107,otherwi,ou
3108,ou,ouch
3109,ouch,ouchi
3110,ouchi,outdoor
3111,outdoor,outlet
3112,outlet,outlin
3113,outlin,outlook
3114,outlook,outsid
3115,outsid,outt
3116,outt,outta
3117,outta,oven
3118,oven,over
3119,over,overload
3120,overload,overnight
3121,overnight,overr
3122,overr,overslept
3123,overslept,overwhelm
3124,overwhelm,ow
3125,ow,owe
3126,owe,owner
3127,owner,oww
3128,oww,oy
3129,oy,oz
3130,oz,p
3131,p,pa
3132,pa,pace
3133,pace,pacif
3134,pacif,pack
3135,pack,packag
3136,packag,packet
3137,packet,pad
3138,pad,page
3139,page,paid
3140,paid,pain
3141,pain,paint
3142,paint,pair
3143,pair,pal
3144,pal,pale
3145,pale,palm
3146,palm,pan
3147,pan,pancak
3148,pancak,panda
3149,panda,pandora
3150,pandora,panel
3151,panel,panera
3152,panera,panic
3153,panic,pant
3154,pant,papa
3155,papa,paparazzi
3156,paparazzi,paper
3157,paper,paperwork
3158,paperwork,parad
3159,parad,paramor
3160,paramor,parcel
3161,parcel,parent
3162,parent,pari
3163,pari,park
3164,park,part
3165,part,parti
3166,parti,partial
3167,partial,particip
3168,particip,particular
3169,particular,particularli
3170,particularli,partner
3171,partner,pass
3172,pass,passion
3173,passion,passov
3174,passov,passport
3175,passport,password
3176,password,past
3177,past,pasta
3178,pasta,pastor
3179,pastor,pat
3180,pat,patch
3181,patch,path
3182,path,pathet
3183,pathet,patienc
3184,patienc,patient
3185,patient,patio
3186,patio,patrick
3187,patrick,pattern
3188,pattern,paul
3189,paul,paw
3190,paw,pay
3191,pay,paypal
3192,paypal,pb
3193,pb,pc
3194,pc,pdf
3195,pdf,pe
3196,pe,pea
3197,pea,peac
3198,peac,peach
3199,peach,peanut
3200,peanut,pearl
3201,pearl,pee
3202,pee,peep
3203,peep,pen
3204,pen,penalti
3205,penalti,penguin
3206,penguin,penn
3207,penn,penni
3208,penni,peopl
3209,peopl,pepper
3210,pepper,per
3211,per,perfect
3212,perfect,perfectli
3213,perfectli,perform
3214,perform,perhap
3215,perhap,period
3216,period,perman
3217,perman,permiss
3218,permiss,perri
3219,perri,person
3220,person,perspect
3221,perspect,perth
3222,perth,perv
3223,perv,pet
3224,pet,pete
3225,pete,peter
3226,peter,pff
3227,pff,pg
3228,pg,phase
3229,phase,phew
3230,phew,phil
3231,phil,philippin
3232,philippin,philli
3233,philli,phoenix
3234,phoenix,phone
3235,phone,photo
3236,photo,photograph
3237,photograph,photographi
3238,photographi,photoshoot
3239,photoshoot,photoshop
3240,photoshop,php
3241,php,phplistingid
3242,phplistingid,physic
3243,physic,piano
3244,piano,pic
3245,pic,pick
3246,pick,pickl
3247,pickl,picnic
3248,picnic,pictur
3249,pictur,pie
3250,pie,piec
3251,piec,pierc
3252,pierc,pig
3253,pig,pigeon
3254,pigeon,pile
3255,pile,pill
3256,pill,pillow
3257,pillow,pin
3258,pin,pinch
3259,pinch,pineappl
3260,pineappl,ping
3261,ping,pink
3262,pink,pinki
3263,pinki,pint
3264,pint,pipe
3265,pipe,pirat
3266,pirat,piss
3267,piss,pit
3268,pit,pitch
3269,pitch,piti
3270,piti,pittsburgh
3271,pittsburgh,pix
3272,pix,pixi
3273,pixi,pizza
3274,pizza,pj
3275,pj,pl
3276,pl,place
3277,place,placement
3278,placement,plain
3279,plain,plan
3280,plan,plane
3281,plane,planet
3282,planet,plant
3283,plant,plastic
3284,plastic,plate
3285,plate,platform
3286,platform,play
3287,play,player
3288,player,playin
3289,playin,playlist
3290,playlist,playoff
3291,playoff,plea
3292,plea,pleas
3293,pleas,pleasant
3294,pleasant,pleasur
3295,pleasur,pleea
3296,pleea,plenti
3297,plenti,plu
3298,plu,plug
3299,plug,plugin
3300,plugin,plurk
3301,plurk,plz
3302,plz,pm
3303,pm,pocket
3304,pocket,pod
3305,pod,podcast
3306,podcast,poem
3307,poem,point
3308,point,pointless
3309,pointless,poison
3310,poison,poke
3311,poke,poker
3312,poker,polic
3313,polic,polish
3314,polish,polit
3315,polit,poll
3316,poll,pollen
3317,pollen,pond
3318,pond,poo
3319,poo,pooh
3320,pooh,pool
3321,pool,poop
3322,poop,poor
3323,poor,poorli
3324,poorli,pop
3325,pop,popcorn
3326,popcorn,poppin
3327,poppin,popular
3328,popular,por
3329,por,pork
3330,pork,porn
3331,porn,port
3332,port,portland
3333,portland,portug
3334,portug,pose
3335,pose,posit
3336,posit,possibl
3337,possibl,post
3338,post,poster
3339,poster,postpon
3340,postpon,pot
3341,pot,potato
3342,potato,potenti
3343,potenti,potter
3344,potter,pound
3345,pound,pour
3346,pour,pout
3347,pout,powder
3348,powder,power
3349,power,pr
3350,pr,practi
3351,practi,practic
3352,practic,prai
3353,prai,prank
3354,prank,pray
3355,pray,prayer
3356,prayer,pre
3357,pre,preach
3358,preach,preci
3359,preci,preciou
3360,preciou,predict
3361,predict,prefer
3362,prefer,pregnant
3363,pregnant,premier
3364,premier,prep
3365,prep,prepar
3366,prepar,present
3367,present,presid
3368,presid,press
3369,press,pressur
3370,pressur,pretend
3371,pretend,pretti
3372,pretti,prevent
3373,prevent,preview
3374,preview,previou
3375,previou,price
3376,price,pride
3377,pride,prime
3378,prime,princ
3379,princ,princess
3380,princess,print
3381,print,printer
3382,printer,prison
3383,prison,privat
3384,privat,prix
3385,prix,prize
3386,prize,pro
3387,pro,prob
3388,prob,probabl
3389,probabl,problem
3390,problem,process
3391,process,procrastin
3392,procrastin,prodigi
3393,prodigi,produc
3394,produc,product
3395,product,profess
3396,profess,professor
3397,professor,profil
3398,profil,program
3399,program,programm
3400,programm,progress
3401,progress,project
3402,project,prom
3403,prom,promi
3404,promi,promo
3405,promo,promot
3406,promot,pronounc
3407,pronounc,proof
3408,proof,prop
3409,prop,proper
3410,proper,properli
3411,properli,properti
3412,properti,propo
3413,propo,protect
3414,protect,proud
3415,proud,prove
3416,prove,provid
3417,provid,ps
3418,ps,psp
3419,psp,psych
3420,psych,pt
3421,pt,pub
3422,pub,public
3423,public,publish
3424,publish,pud
3425,pud,puerto
3426,puerto,puke
3427,puke,pull
3428,pull,pump
3429,pump,pumpkin
3430,pumpkin,pun
3431,pun,punch
3432,punch,punish
3433,punish,punk
3434,punk,pup
3435,pup,puppi
3436,puppi,pur
3437,pur,purcha
3438,purcha,pure
3439,pure,purpl
3440,purpl,purpo
3441,purpo,push
3442,push,put
3443,put,python
3444,python,qualiti
3445,qualiti,quarter
3446,quarter,que
3447,que,queen
3448,queen,quest
3449,quest,question
3450,question,queue
3451,queue,quick
3452,quick,quickli
3453,quickli,quiet
3454,quiet,quietli
3455,quietli,quit
3456,quit,quiz
3457,quiz,quot
3458,quot,quotdo
3459,quotdo,quotget
3460,quotget,quothow
3461,quothow,quotif
3462,quotif,quotin
3463,quotin,quotit
3464,quotit,quotno
3465,quotno,quotnot
3466,quotnot,quotquot
3467,quotquot,quotth
3468,quotth,quotw
3469,quotw,quotwhat
3470,quotwhat,quotwhen
3471,quotwhen,quotyou
3472,quotyou,r
3473,r,rabbit
3474,rabbit,race
3475,race,rachel
3476,rachel,rack
3477,rack,rad
3478,rad,radio
3479,radio,rage
3480,rage,rai
3481,rai,raid
3482,raid,rail
3483,rail,rain
3484,rain,rainbow
3485,rainbow,raini
3486,raini,raleigh
3487,raleigh,ralli
3488,ralli,ram
3489,ram,rambl
3490,rambl,ramen
3491,ramen,ran
3492,ran,ranch
3493,ranch,random
3494,random,randomli
3495,randomli,rang
3496,rang,rank
3497,rank,rant
3498,rant,rap
3499,rap,rape
3500,rape,rare
3501,rare,rascal
3502,rascal,rash
3503,rash,raspberri
3504,raspberri,rat
3505,rat,rate
3506,rate,rather
3507,rather,raw
3508,raw,rawr
3509,rawr,ray
3510,ray,rb
3511,rb,rc
3512,rc,rd
3513,rd,reach
3514,reach,react
3515,react,reaction
3516,reaction,read
3517,read,reader
3518,reader,readi
3519,readi,real
3520,real,reali
3521,reali,realiti
3522,realiti,realiz
3523,realiz,realli
3524,realli,reallyy
3525,reallyy,rear
3526,rear,reason
3527,reason,reboot
3528,reboot,rebuild
3529,rebuild,rec
3530,rec,recal
3531,recal,receipt
3532,receipt,receiv
3533,receiv,recent
3534,recent,recept
3535,recept,recess
3536,recess,recip
3537,recip,recit
3538,recit,reckon
3539,reckon,recogn
3540,recogn,recommend
3541,recommend,record
3542,record,recov
3543,recov,recoveri
3544,recoveri,recruit
3545,recruit,recycl
3546,recycl,red
3547,red,redbul
3548,redbul,reduc
3549,reduc,ree
3550,ree,refer
3551,refer,reflect
3552,reflect,refresh
3553,refresh,refu
3554,refu,refund
3555,refund,regard
3556,regard,regardless
3557,regardless,region
3558,region,regist
3559,regist,registr
3560,registr,regret
3561,regret,regular
3562,regular,rehear
3563,rehear,reinstal
3564,reinstal,reject
3565,reject,rel
3566,rel,relat
3567,relat,relationship
3568,relationship,relax
3569,relax,relay
3570,relay,relea
3571,relea,releg
3572,releg,reliabl
3573,reliabl,relief
3574,relief,reliev
3575,reliev,religi
3576,religi,reloc
3577,reloc,remain
3578,remain,remedi
3579,remedi,rememb
3580,rememb,remind
3581,remind,remix
3582,remix,remot
3583,remot,remov
3584,remov,render
3585,render,renew
3586,renew,rent
3587,rent,rental
3588,rental,rep
3589,rep,repair
3590,repair,repe
3591,repe,repeat
3592,repeat,replac
3593,replac,replay
3594,replay,repli
3595,repli,report
3596,report,repr
3597,repr,request
3598,request,requir
3599,requir,reread
3600,reread,rerun
3601,rerun,reschedul
3602,reschedul,rescu
3603,rescu,research
3604,research,reserv
3605,reserv,reset
3606,reset,resid
3607,resid,resist
3608,resist,resort
3609,resort,resourc
3610,resourc,respect
3611,respect,respon
3612,respon,respond
3613,respond,rest
3614,rest,restart
3615,restart,restaur
3616,restaur,restless
3617,restless,restor
3618,restor,result
3619,result,resum
3620,resum,retail
3621,retail,retard
3622,retard,retir
3623,retir,retriev
3624,retriev,return
3625,return,retweet
3626,retweet,reunion
3627,reunion,reveal
3628,reveal,reveng
3629,reveng,revi
3630,revi,review
3631,review,revolut
3632,revolut,reward
3633,reward,rib
3634,rib,rice
3635,rice,rich
3636,rich,richard
3637,richard,richmond
3638,richmond,rick
3639,rick,rico
3640,rico,rid
3641,rid,ride
3642,ride,rider
3643,rider,ridicul
3644,ridicul,right
3645,right,riley
3646,riley,ring
3647,ring,rington
3648,rington,rip
3649,rip,rise
3650,rise,risk
3651,risk,rite
3652,rite,river
3653,river,road
3654,road,roast
3655,roast,rob
3656,rob,robbi
3657,robbi,robert
3658,robert,robin
3659,robin,robot
3660,robot,rochest
3661,rochest,rock
3662,rock,rocket
3663,rocket,rocki
3664,rocki,rockin
3665,rockin,rockstar
3666,rockstar,rode
3667,rode,rofl
3668,rofl,role
3669,role,roll
3670,roll,roller
3671,roller,roman
3672,roman,romant
3673,romant,rome
3674,rome,ron
3675,ron,roof
3676,roof,room
3677,room,roomi
3678,roomi,roommat
3679,roommat,root
3680,root,rose
3681,rose,ross
3682,ross,rot
3683,rot,rough
3684,rough,round
3685,round,rout
3686,rout,routin
3687,routin,rove
3688,rove,row
3689,row,royal
3690,royal,rs
3691,rs,rss
3692,rss,rt
3693,rt,rub
3694,rub,rubbish
3695,rubbish,rubi
3696,rubi,rudd
3697,rudd,rude
3698,rude,rufu
3699,rufu,rugbi
3700,rugbi,ruin
3701,ruin,rule
3702,rule,rum
3703,rum,rumor
3704,rumor,rumour
3705,rumour,run
3706,run,runner
3707,runner,runni
3708,runni,rush
3709,rush,russel
3710,russel,russian
3711,russian,ryan
3712,ryan,sa
3713,sa,sac
3714,sac,sack
3715,sack,sad
3716,sad,sadden
3717,sadden,sadder
3718,sadder,sadli
3719,sadli,safari
3720,safari,safe
3721,safe,safeti
3722,safeti,said
3723,said,sake
3724,sake,salad
3725,salad,sale
3726,sale,salli
3727,salli,salmon
3728,salmon,salon
3729,salon,salsa
3730,salsa,salt
3731,salt,sam
3732,sam,sampl
3733,sampl,samsung
3734,samsung,san
3735,san,sand
3736,sand,sandal
3737,sandal,sandra
3738,sandra,sandwich
3739,sandwich,sane
3740,sane,sang
3741,sang,santa
3742,santa,sara
3743,sara,sarah
3744,sarah,sarcasm
3745,sarcasm,sarcast
3746,sarcast,sat
3747,sat,satisfact
3748,satisfact,satisfi
3749,satisfi,saturday
3750,saturday,sauc
3751,sauc,sausag
3752,sausag,save
3753,save,saw
3754,saw,say
3755,say,sayin
3756,sayin,sb
3757,sb,sc
3758,sc,scale
3759,scale,scan
3760,scan,scar
3761,scar,scare
3762,scare,scari
3763,scari,scene
3764,scene,sch
3765,sch,schedul
3766,schedul,scholarship
3767,scholarship,school
3768,school,schoolwork
3769,schoolwork,sci
3770,sci,scienc
3771,scienc,scooter
3772,scooter,score
3773,score,scot
3774,scot,scotland
3775,scotland,scott
3776,scott,scottish
3777,scottish,scrambl
3778,scrambl,scrape
3779,scrape,scratch
3780,scratch,scream
3781,scream,screen
3782,screen,screw
3783,screw,script
3784,script,scrub
3785,scrub,sd
3786,sd,se
3787,se,sea
3788,sea,seal
3789,seal,sean
3790,sean,search
3791,search,season
3792,season,seat
3793,seat,seattl
3794,seattl,sec
3795,sec,second
3796,second,secret
3797,secret,section
3798,section,secur
3799,secur,see
3800,see,seed
3801,seed,seek
3802,seek,seem
3803,seem,seen
3804,seen,sel
3805,sel,select
3806,select,selena
3807,selena,self
3808,self,sell
3809,sell,seller
3810,seller,semest
3811,semest,semi
3812,semi,sen
3813,sen,send
3814,send,senior
3815,senior,sensit
3816,sensit,sent
3817,sent,sentenc
3818,sentenc,seo
3819,seo,separ
3820,separ,septemb
3821,septemb,sequel
3822,sequel,seri
3823,seri,serial
3824,serial,seriou
3825,seriou,sermon
3826,sermon,serv
3827,serv,server
3828,server,servic
3829,servic,session
3830,session,set
3831,set,seth
3832,seth,settl
3833,settl,setup
3834,setup,seven
3835,seven,seventeen
3836,seventeen,sever
3837,sever,sew
3838,sew,sex
3839,sex,sexi
3840,sexi,sexual
3841,sexual,sf
3842,sf,sg
3843,sg,sh
3844,sh,shade
3845,shade,shadow
3846,shadow,shake
3847,shake,shall
3848,shall,shame
3849,shame,shanghai
3850,shanghai,shape
3851,shape,share
3852,share,shark
3853,shark,sharon
3854,sharon,sharp
3855,sharp,shatter
3856,shatter,shaun
3857,shaun,shave
3858,shave,sheep
3859,sheep,sheesh
3860,sheesh,sheet
3861,sheet,shelv
3862,shelv,shh
3863,shh,shi
3864,shi,shift
3865,shift,shin
3866,shin,shine
3867,shine,shini
3868,shini,ship
3869,ship,shirt
3870,shirt,shit
3871,shit,shite
3872,shite,shitt
3873,shitt,shitti
3874,shitti,shock
3875,shock,shoe
3876,shoe,shogun
3877,shogun,shoot
3878,shoot,shop
3879,shop,shoppin
3880,shoppin,shore
3881,shore,short
3882,short,shorter
3883,shorter,shortli
3884,shortli,shot
3885,shot,shoulda
3886,shoulda,shoulder
3887,shoulder,shout
3888,shout,shoutout
3889,shoutout,shovel
3890,shovel,show
3891,show,shower
3892,shower,shown
3893,shown,shrimp
3894,shrimp,shud
3895,shud,shut
3896,shut,si
3897,si,sibl
3898,sibl,sick
3899,sick,sicki
3900,sicki,sickk
3901,sickk,side
3902,side,sigh
3903,sigh,sighh
3904,sighh,sight
3905,sight,sign
3906,sign,signal
3907,signal,silenc
3908,silenc,silent
3909,silent,silli
3910,silli,silva
3911,silva,silver
3912,silver,sim
3913,sim,similar
3914,similar,simon
3915,simon,simpl
3916,simpl,simpli
3917,simpli,simpson
3918,simpson,sin
3919,sin,sinc
3920,sinc,sing
3921,sing,singapor
3922,singapor,singer
3923,singer,singl
3924,singl,singstar
3925,singstar,sink
3926,sink,sinu
3927,sinu,sip
3928,sip,sir
3929,sir,sissi
3930,sissi,sister
3931,sister,sit
3932,sit,site
3933,site,sittin
3934,sittin,situat
3935,situat,six
3936,six,size
3937,size,skate
3938,skate,skateboard
3939,skateboard,sketch
3940,sketch,ski
3941,ski,skill
3942,skill,skin
3943,skin,skinni
3944,skinni,skint
3945,skint,skip
3946,skip,skirt
3947,skirt,skittl
3948,skittl,skool
3949,skool,sky
3950,sky,skype
3951,skype,slack
3952,slack,slap
3953,slap,slaughter
3954,slaughter,sleep
3955,sleep,sleepi
3956,sleepi,sleepin
3957,sleepin,sleepless
3958,sleepless,sleepov
3959,sleepov,sleepyy
3960,sleepyy,slept
3961,slept,slice
3962,slice,slide
3963,slide,slight
3964,slight,slightli
3965,slightli,slim
3966,slim,slip
3967,slip,slow
3968,slow,slower
3969,slower,slowli
3970,slowli,slumdog
3971,slumdog,slut
3972,slut,sm
3973,sm,smack
3974,smack,small
3975,small,smaller
3976,smaller,smart
3977,smart,smash
3978,smash,smell
3979,smell,smelli
3980,smelli,smh
3981,smh,smile
3982,smile,smiley
3983,smiley,smith
3984,smith,smoke
3985,smoke,smooth
3986,smooth,smoothi
3987,smoothi,snack
3988,snack,snake
3989,snake,snap
3990,snap,sneak
3991,sneak,sneaki
3992,sneaki,sneez
3993,sneez,sniff
3994,sniff,sniffl
3995,sniffl,snl
3996,snl,snooz
3997,snooz,snore
3998,snore,snow
3999,snow,snowboard
4000,snowboard,snowi
4001,snowi,snuggl
4002,snuggl,soak
4003,soak,soap
4004,soap,sob
4005,sob,sober
4006,sober,socal
4007,socal,soccer
4008,soccer,social
4009,social,societi
4010,societi,sock
4011,sock,sod
4012,sod,soda
4013,soda,sofa
4014,sofa,soft
4015,soft,softbal
4016,softbal,softwar
4017,softwar,soil
4018,soil,sold
4019,sold,solid
4020,solid,solo
4021,solo,solut
4022,solut,solv
4023,solv,somebodi
4024,somebodi,someday
4025,someday,somehow
4026,somehow,someon
4027,someon,someth
4028,someth,somethin
4029,somethin,sometim
4030,sometim,somewh
4031,somewh,somewhat
4032,somewhat,son
4033,son,song
4034,song,soni
4035,soni,sonic
4036,sonic,sonni
4037,sonni,soo
4038,soo,soon
4039,soon,sooner
4040,sooner,sophi
4041,sophi,sore
4042,sore,sorri
4043,sorri,sorrow
4044,sorrow,sort
4045,sort,sorta
4046,sorta,soul
4047,soul,sound
4048,sound,soundtrack
4049,soundtrack,soup
4050,soup,sour
4051,sour,sourc
4052,sourc,south
4053,south,southern
4054,southern,sox
4055,sox,sp
4056,sp,spa
4057,spa,space
4058,space,spain
4059,spain,spam
4060,spam,spammer
4061,spammer,spanish
4062,spanish,spank
4063,spank,spare
4064,spare,sparkl
4065,sparkl,spartan
4066,spartan,speak
4067,speak,speaker
4068,speaker,spear
4069,spear,special
4070,special,specif
4071,specif,spectacular
4072,spectacular,speech
4073,speech,speed
4074,speed,spell
4075,spell,spencer
4076,spencer,spend
4077,spend,spent
4078,spent,spice
4079,spice,spici
4080,spici,spider
4081,spider,spike
4082,spike,spill
4083,spill,spin
4084,spin,spirit
4085,spirit,spiritu
4086,spiritu,spit
4087,spit,splash
4088,splash,split
4089,split,spoil
4090,spoil,spoiler
4091,spoiler,spoke
4092,spoke,spoken
4093,spoken,spong
4094,spong,spongebob
4095,spongebob,spontan
4096,spontan,spoon
4097,spoon,sport
4098,sport,spot
4099,spot,spotifi
4100,spotifi,sprain
4101,sprain,spray
4102,spray,spread
4103,spread,spring
4104,spring,springtim
4105,springtim,sprint
4106,sprint,spur
4107,spur,squad
4108,squad,squar
4109,squar,squeez
4110,squeez,squirrel
4111,squirrel,sr
4112,sr,sri
4113,sri,srri
4114,srri,srsli
4115,srsli,ss
4116,ss,st
4117,st,stab
4118,stab,stabl
4119,stabl,stack
4120,stack,stadium
4121,stadium,staff
4122,staff,stage
4123,stage,stain
4124,stain,stair
4125,stair,stalk
4126,stalk,stalker
4127,stalker,stamp
4128,stamp,stand
4129,stand,standard
4130,standard,star
4131,star,starbuck
4132,starbuck,stare
4133,stare,start
4134,start,starv
4135,starv,stat
4136,stat,state
4137,state,statement
4138,statement,station
4139,station,statist
4140,statist,statu
4141,statu,stay
4142,stay,steak
4143,steak,steal
4144,steal,steam
4145,steam,stella
4146,stella,step
4147,step,steph
4148,steph,stephani
4149,stephani,stephen
4150,stephen,sterl
4151,sterl,steve
4152,steve,steven
4153,steven,stewart
4154,stewart,stick
4155,stick,sticker
4156,sticker,sticki
4157,sticki,stiff
4158,stiff,stil
4159,stil,still
4160,still,sting
4161,sting,stink
4162,stink,stitch
4163,stitch,stock
4164,stock,stoke
4165,stoke,stole
4166,stole,stolen
4167,stolen,stomach
4168,stomach,stone
4169,stone,stood
4170,stood,stoopid
4171,stoopid,stop
4172,stop,store
4173,store,stori
4174,stori,storm
4175,storm,straight
4176,straight,straighten
4177,straighten,strang
4178,strang,stranger
4179,stranger,strategi
4180,strategi,strawberri
4181,strawberri,streak
4182,streak,stream
4183,stream,street
4184,street,strength
4185,strength,strep
4186,strep,stress
4187,stress,stretch
4188,stretch,strike
4189,strike,string
4190,string,strip
4191,strip,stroke
4192,stroke,strong
4193,strong,stronger
4194,stronger,strongli
4195,strongli,struggl
4196,struggl,stuck
4197,stuck,student
4198,student,studi
4199,studi,studio
4200,studio,studyin
4201,studyin,stuf
4202,stuf,stuff
4203,stuff,stuffi
4204,stuffi,stumbl
4205,stumbl,stump
4206,stump,stun
4207,stun,stupid
4208,stupid,stupidli
4209,stupidli,style
4210,style,stylist
4211,stylist,su
4212,su,sub
4213,sub,subject
4214,subject,submit
4215,submit,subscrib
4216,subscrib,subscript
4217,subscript,subway
4218,subway,success
4219,success,suck
4220,suck,sucker
4221,sucker,sucki
4222,sucki,suckss
4223,suckss,sudden
4224,sudden,suddenli
4225,suddenli,sue
4226,sue,suffer
4227,suffer,sugar
4228,sugar,suggest
4229,suggest,suicid
4230,suicid,suit
4231,suit,suitabl
4232,suitabl,sulk
4233,sulk,sum
4234,sum,summer
4235,summer,summit
4236,summit,sumthin
4237,sumthin,sun
4238,sun,sunburn
4239,sunburn,sunburnt
4240,sunburnt,sunday
4241,sunday,sunglass
4242,sunglass,sunni
4243,sunni,sunri
4244,sunri,sunset
4245,sunset,sunshin
4246,sunshin,sup
4247,sup,super
4248,super,superb
4249,superb,supper
4250,supper,suppli
4251,suppli,suppo
4252,suppo,support
4253,support,supri
4254,supri,sure
4255,sure,surf
4256,surf,surgeri
4257,surgeri,surpri
4258,surpri,surprisingli
4259,surprisingli,surround
4260,surround,survey
4261,survey,surviv
4262,surviv,susan
4263,susan,sushi
4264,sushi,suspect
4265,suspect,sutil
4266,sutil,swallow
4267,swallow,swamp
4268,swamp,swap
4269,swap,sway
4270,sway,swear
4271,swear,sweat
4272,sweat,sweden
4273,sweden,swedish
4274,swedish,sweet
4275,sweet,sweetest
4276,sweetest,sweetheart
4277,sweetheart,sweeti
4278,sweeti,swift
4279,swift,swim
4280,swim,swing
4281,swing,swiss
4282,swiss,switch
4283,switch,swollen
4284,swollen,syd
4285,syd,sydney
4286,sydney,sympathi
4287,sympathi,symptom
4288,symptom,sync
4289,sync,syrup
4290,syrup,system
4291,system,ta
4292,ta,tab
4293,tab,tabl
4294,tabl,tablet
4295,tablet,tackl
4296,tackl,taco
4297,taco,tad
4298,tad,tafe
4299,tafe,tag
4300,tag,tai
4301,tai,tail
4302,tail,take
4303,take,taken
4304,taken,takin
4305,takin,tale
4306,tale,talent
4307,talent,talk
4308,talk,talkin
4309,talkin,tall
4310,tall,tampa
4311,tampa,tan
4312,tan,tango
4313,tango,tank
4314,tank,tap
4315,tap,tape
4316,tape,tar
4317,tar,target
4318,target,task
4319,task,tast
4320,tast,tasti
4321,tasti,tattoo
4322,tattoo,taught
4323,taught,tax
4324,tax,taxi
4325,taxi,taylor
4326,taylor,tb
4327,tb,tc
4328,tc,te
4329,te,tea
4330,tea,teach
4331,teach,teacher
4332,teacher,team
4333,team,tear
4334,tear,tech
4335,tech,technic
4336,technic,technolog
4337,technolog,ted
4338,ted,teddi
4339,teddi,tee
4340,tee,teen
4341,teen,teenag
4342,teenag,teeni
4343,teeni,teeth
4344,teeth,teh
4345,teh,tele
4346,tele,televi
4347,televi,tell
4348,tell,telli
4349,telli,tellin
4350,tellin,temp
4351,temp,temperatur
4352,temperatur,templat
4353,templat,temporari
4354,temporari,tempt
4355,tempt,ten
4356,ten,tend
4357,tend,tenni
4358,tenni,tent
4359,tent,tequila
4360,tequila,term
4361,term,termin
4362,termin,terri
4363,terri,terribl
4364,terribl,terrifi
4365,terrifi,tesco
4366,tesco,test
4367,test,texa
4368,texa,text
4369,text,th
4370,th,tha
4371,tha,thai
4372,thai,thang
4373,thang,thank
4374,thank,thankss
4375,thankss,thankyou
4376,thankyou,thanx
4377,thanx,theater
4378,theater,theatr
4379,theatr,thee
4380,thee,theme
4381,theme,theo
4382,theo,theori
4383,theori,ther
4384,ther,therapi
4385,therapi,therefor
4386,therefor,thesi
4387,thesi,thi
4388,thi,thick
4389,thick,thier
4390,thier,thin
4391,thin,thing
4392,thing,thingi
4393,thingi,think
4394,think,thinkin
4395,thinkin,third
4396,third,thk
4397,thk,thnx
4398,thnx,thoma
4399,thoma,thoroughli
4400,thoroughli,thou
4401,thou,though
4402,though,thought
4403,thought,thousand
4404,thousand,thread
4405,thread,threaten
4406,threaten,three
4407,three,threw
4408,threw,thrill
4409,thrill,throat
4410,throat,throughout
4411,throughout,throw
4412,throw,throwdown
4413,throwdown,thrown
4414,thrown,thru
4415,thru,tht
4416,tht,thu
4417,thu,thumb
4418,thumb,thunder
4419,thunder,thunderstorm
4420,thunderstorm,thur
4421,thur,thursday
4422,thursday,ti
4423,ti,tick
4424,tick,ticket
4425,ticket,tidi
4426,tidi,tie
4427,tie,tiffani
4428,tiffani,tiger
4429,tiger,tight
4430,tight,til
4431,til,tile
4432,tile,till
4433,till,tim
4434,tim,time
4435,time,timelin
4436,timelin,timmi
4437,timmi,tina
4438,tina,ting
4439,ting,tini
4440,tini,tip
4441,tip,tipsi
4442,tipsi,tire
4443,tire,tiredd
4444,tiredd,tissu
4445,tissu,titl
4446,titl,tix
4447,tix,tk
4448,tk,tnx
4449,tnx,toast
4450,toast,toaster
4451,toaster,today
4452,today,todayi
4453,todayi,todd
4454,todd,todo
4455,todo,toe
4456,toe,togeth
4457,togeth,toilet
4458,toilet,told
4459,told,toler
4460,toler,toll
4461,toll,tom
4462,tom,tomato
4463,tomato,tommi
4464,tommi,tommorow
4465,tommorow,tomoro
4466,tomoro,tomorow
4467,tomorow,tomorrow
4468,tomorrow,tomorroww
4469,tomorroww,tomoz
4470,tomoz,ton
4471,ton,tone
4472,tone,tongu
4473,tongu,toni
4474,toni,tonight
4475,tonight,tonit
4476,tonit,tonn
4477,tonn,tonsil
4478,tonsil,took
4479,took,tool
4480,tool,toon
4481,toon,tooth
4482,tooth,toothach
4483,toothach,top
4484,top,topic
4485,topic,tore
4486,tore,tori
4487,tori,torn
4488,torn,toronto
4489,toronto,torrent
4490,torrent,tortur
4491,tortur,toss
4492,toss,tot
4493,tot,total
4494,total,touch
4495,touch,tough
4496,tough,tour
4497,tour,tournament
4498,tournament,tourney
4499,tourney,tow
4500,tow,toward
4501,toward,towel
4502,towel,tower
4503,tower,town
4504,town,toy
4505,toy,tr
4506,tr,traci
4507,traci,track
4508,track,trade
4509,trade,tradit
4510,tradit,traffic
4511,traffic,trail
4512,trail,trailer
4513,trailer,train
4514,train,trainer
4515,trainer,trampolin
4516,trampolin,tranc
4517,tranc,transfer
4518,transfer,transform
4519,transform,transit
4520,transit,translat
4521,translat,trap
4522,trap,trash
4523,trash,travel
4524,travel,travi
4525,travi,tre
4526,tre,treat
4527,treat,treatment
4528,treatment,tree
4529,tree,trek
4530,trek,trend
4531,trend,trey
4532,trey,tri
4533,tri,trial
4534,trial,tribe
4535,tribe,trick
4536,trick,tricki
4537,tricki,trim
4538,trim,trip
4539,trip,tripl
4540,tripl,trophi
4541,trophi,tropic
4542,tropic,troubl
4543,troubl,tru
4544,tru,truck
4545,truck,true
4546,true,truli
4547,truli,trust
4548,trust,truth
4549,truth,tryin
4550,tryin,tryna
4551,tryna,tshirt
4552,tshirt,tsk
4553,tsk,tt
4554,tt,ttyl
4555,ttyl,tu
4556,tu,tub
4557,tub,tube
4558,tube,tue
4559,tue,tuesday
4560,tuesday,tulip
4561,tulip,tumblr
4562,tumblr,tummi
4563,tummi,tuna
4564,tuna,tune
4565,tune,tunnel
4566,tunnel,turkey
4567,turkey,turn
4568,turn,turner
4569,turner,turtl
4570,turtl,tutor
4571,tutor,tutori
4572,tutori,tv
4573,tv,twat
4574,twat,tweep
4575,tweep,tweepl
4576,tweepl,tweet
4577,tweet,tweetdeck
4578,tweetdeck,tweeter
4579,tweeter,tweeti
4580,tweeti,tweetup
4581,tweetup,twenti
4582,twenti,twhirl
4583,twhirl,twice
4584,twice,twilight
4585,twilight,twin
4586,twin,twist
4587,twist,twit
4588,twit,twitch
4589,twitch,twitpic
4590,twitpic,twitt
4591,twitt,twitter
4592,twitter,twitterberri
4593,twitterberri,twittercom
4594,twittercom,twitterland
4595,twitterland,twitterv
4596,twitterv,twittervil
4597,twittervil,twitti
4598,twitti,two
4599,two,tx
4600,tx,txt
4601,txt,ty
4602,ty,type
4603,type,typic
4604,typic,typo
4605,typo,tyra
4606,tyra,u
4607,u,uber
4608,uber,ubuntu
4609,ubuntu,ufc
4610,ufc,ugg
4611,ugg,uggh
4612,uggh,ugghh
4613,ugghh,ugh
4614,ugh,ughh
4615,ughh,ugli
4616,ugli,uh
4617,uh,uhh
4618,uhh,uhm
4619,uhm,ui
4620,ui,uk
4621,uk,ultim
4622,ultim,um
4623,um,umbrella
4624,umbrella,umm
4625,umm,un
4626,un,unabl
4627,unabl,unavail
4628,unavail,unbeliev
4629,unbeliev,unc
4630,unc,uncl
4631,uncl,understand
4632,understand,understood
4633,understood,unemploy
4634,unemploy,unexpect
4635,unexpect,unfair
4636,unfair,unfollow
4637,unfollow,unfortun
4638,unfortun,unfortunatli
4639,unfortunatli,unhappi
4640,unhappi,uni
4641,uni,uniform
4642,uniform,union
4643,union,uniqu
4644,uniqu,unit
4645,unit,univ
4646,univ,unless
4647,unless,unlik
4648,unlik,unlock
4649,unlock,unlov
4650,unlov,unpack
4651,unpack,unproduct
4652,unproduct,unusu
4653,unusu,unwel
4654,unwel,upcom
4655,upcom,updat
4656,updat,upgrad
4657,upgrad,upload
4658,upload,upon
4659,upon,upp
4660,upp,upset
4661,upset,upsid
4662,upsid,upstair
4663,upstair,urban
4664,urban,urg
4665,urg,urgent
4666,urgent,urgh
4667,urgh,url
4668,url,us
4669,us,usa
4670,usa,usb
4671,usb,use
4672,use,useless
4673,useless,user
4674,user,usernam
4675,usernam,usual
4676,usual,utah
4677,utah,utd
4678,utd,utterli
4679,utterli,uu
4680,uu,v
4681,v,va
4682,va,vaca
4683,vaca,vacat
4684,vacat,valid
4685,valid,valley
4686,valley,valu
4687,valu,vampir
4688,vampir,van
4689,van,vancouv
4690,vancouv,vanessa
4691,vanessa,vanilla
4692,vanilla,variou
4693,variou,veg
4694,veg,vega
4695,vega,vegan
4696,vegan,veget
4697,veget,veggi
4698,veggi,vehicl
4699,vehicl,ventur
4700,ventur,venu
4701,venu,version
4702,version,vet
4703,vet,vettel
4704,vettel,via
4705,via,vibe
4706,vibe,vice
4707,vice,vicki
4708,vicki,victori
4709,victori,victoria
4710,victoria,vid
4711,vid,video
4712,video,videoscommentampsuscrib
4713,videoscommentampsuscrib,view
4714,view,villag
4715,villag,vin
4716,vin,vintag
4717,vintag,vinyl
4718,vinyl,violat
4719,violat,violenc
4720,violenc,violin
4721,violin,vip
4722,vip,virgin
4723,virgin,virtual
4724,virtual,viru
4725,viru,visa
4726,visa,visit
4727,visit,visitor
4728,visitor,vista
4729,vista,visual
4730,visual,vitamin
4731,vitamin,vocal
4732,vocal,vodka
4733,vodka,voic
4734,voic,volleyb
4735,volleyb,volum
4736,volum,volunt
4737,volunt,vomit
4738,vomit,vote
4739,vote,vs
4740,vs,wa
4741,wa,waa
4742,waa,waay
4743,waay,wack
4744,wack,waffl
4745,waffl,wah
4746,wah,wahh
4747,wahh,wait
4748,wait,waitin
4749,waitin,wake
4750,wake,wale
4751,wale,walk
4752,walk,wall
4753,wall,wallet
4754,wallet,wallpap
4755,wallpap,walmart
4756,walmart,wana
4757,wana,wander
4758,wander,wang
4759,wang,want
4760,want,war
4761,war,warcraft
4762,warcraft,ward
4763,ward,wardrob
4764,wardrob,warm
4765,warm,warmer
4766,warmer,warn
4767,warn,warp
4768,warp,warranti
4769,warranti,warrior
4770,warrior,wash
4771,wash,washington
4772,washington,wast
4773,wast,wat
4774,wat,watch
4775,watch,watchin
4776,watchin,water
4777,water,wave
4778,wave,wax
4779,wax,way
4780,way,wayi
4781,wayi,wayn
4782,wayn,weak
4783,weak,wear
4784,wear,weather
4785,weather,web
4786,web,webber
4787,webber,webcam
4788,webcam,webpag
4789,webpag,websit
4790,websit,wed
4791,wed,wednesday
4792,wednesday,wee
4793,wee,weed
4794,weed,week
4795,week,weekend
4796,weekend,weekli
4797,weekli,weight
4798,weight,weird
4799,weird,welcom
4800,welcom,well
4801,well,welsh
4802,welsh,wembley
4803,wembley,wen
4804,wen,wendi
4805,wendi,went
4806,went,wer
4807,wer,west
4808,west,western
4809,western,wet
4810,wet,whack
4811,whack,whale
4812,whale,whatev
4813,whatev,whee
4814,whee,wheel
4815,wheel,whenev
4816,whenev,wherev
4817,wherev,whether
4818,whether,whew
4819,whew,whilst
4820,whilst,whine
4821,whine,whip
4822,whip,whistl
4823,whistl,white
4824,white,whoa
4825,whoa,whoever
4826,whoever,whole
4827,whole,whoo
4828,whoo,whoop
4829,whoop,whore
4830,whore,whose
4831,whose,wht
4832,wht,whyy
4833,whyy,wi
4834,wi,wick
4835,wick,wide
4836,wide,wierd
4837,wierd,wif
4838,wif,wife
4839,wife,wifey
4840,wifey,wifi
4841,wifi,wii
4842,wii,wiki
4843,wiki,wikipedia
4844,wikipedia,wild
4845,wild,william
4846,william,wilmington
4847,wilmington,wilson
4848,wilson,win
4849,win,wind
4850,wind,windi
4851,windi,window
4852,window,wine
4853,wine,wing
4854,wing,wink
4855,wink,winner
4856,winner,winter
4857,winter,wipe
4858,wipe,wire
4859,wire,wireless
4860,wireless,wisdom
4861,wisdom,wise
4862,wise,wish
4863,wish,wishin
4864,wishin,wit
4865,wit,witch
4866,witch,withdraw
4867,withdraw,within
4868,within,without
4869,without,wiv
4870,wiv,wk
4871,wk,wkend
4872,wkend,wknd
4873,wknd,woah
4874,woah,woe
4875,woe,woke
4876,woke,woken
4877,woken,wolf
4878,wolf,wolv
4879,wolv,wolverin
4880,wolverin,woman
4881,woman,women
4882,women,womp
4883,womp,wonder
4884,wonder,woo
4885,woo,wood
4886,wood,wooh
4887,wooh,woohoo
4888,woohoo,woop
4889,woop,woot
4890,woot,woow
4891,woow,wor
4892,wor,word
4893,word,wordpress
4894,wordpress,wore
4895,wore,work
4896,work,worker
4897,worker,workin
4898,workin,workout
4899,workout,workshop
4900,workshop,world
4901,world,worm
4902,worm,worn
4903,worn,worri
4904,worri,worship
4905,worship,worst
4906,worst,worth
4907,worth,worthi
4908,worthi,wot
4909,wot,would
4910,would,wound
4911,wound,wow
4912,wow,wp
4913,wp,wrap
4914,wrap,wreck
4915,wreck,wrestl
4916,wrestl,wrist
4917,wrist,write
4918,write,writer
4919,writer,written
4920,written,wrk
4921,wrk,wrong
4922,wrong,wrote
4923,wrote,wt
4924,wt,wtf
4925,wtf,wth
4926,wth,wud
4927,wud,wut
4928,wut,wwyoutubecomtitomiwatch
4929,wwyoutubecomtitomiwatch,x
4930,x,xbox
4931,xbox,xd
4932,xd,xdd
4933,xdd,xma
4934,xma,xo
4935,xo,xox
4936,xox,xoxo
4937,xoxo,xoxox
4938,xoxox,xoxoxo
4939,xoxoxo,xp
4940,xp,xx
4941,xx,ya
4942,ya,yaa
4943,yaa,yaay
4944,yaay,yah
4945,yah,yahoo
4946,yahoo,yall
4947,yall,yank
4948,yank,yard
4949,yard,yawn
4950,yawn,yay
4951,yay,yayi
4952,yayi,ye
4953,ye,yea
4954,yea,yeaa
4955,yeaa,yeaah
4956,yeaah,yeah
4957,yeah,yeahh
4958,yeahh,year
4959,year,yeh
4960,yeh,yell
4961,yell,yellow
4962,yellow,yep
4963,yep,yer
4964,yer,yess
4965,yess,yest
4966,yest,yesterday
4967,yesterday,yet
4968,yet,yey
4969,yey,yike
4970,yike,yipp
4971,yipp,ym
4972,ym,yo
4973,yo,yoga
4974,yoga,yoghurt
4975,yoghurt,yogurt
4976,yogurt,york
4977,york,youll
4978,youll,young
4979,young,youquot
4980,youquot,youth
4981,youth,youtub
4982,youtub,youu
4983,youu,yr
4984,yr,yu
4985,yu,yuck
4986,yuck,yucki
4987,yucki,yum
4988,yum,yumm
4989,yumm,yummi
4990,yummi,yup
4991,yup,zac
4992,zac,zack
4993,zack,zealand
4994,zealand,zero
4995,zero,zombi
4996,zombi,zone
4997,zone,zoo
4998,zoo,zz
